$MeshFormat
2.2 0 8
$EndMeshFormat
$PhysicalNames
4
1 11 "HorEdges"
1 12 "VerEdges"
1 13 "Circle"
2 3 "PunchedDom"
$EndPhysicalNames
$Nodes
1799
1 0 0 0
2 0.3 0 0
3 0.3 0.1 0
4 0 0.1 0
5 0.05 0.05 0
6 0.009999999999999998 0.05 0
7 0.03 0.07000000000000001 0
8 0.03 0.03 0
9 0.004999999999999992 0 0
10 0.009999999999999985 0 0
11 0.01499999999999998 0 0
12 0.01999999999999997 0 0
13 0.02499999999999996 0 0
14 0.02999999999999995 0 0
15 0.03499999999999995 0 0
16 0.03999999999999994 0 0
17 0.04499999999999993 0 0
18 0.04999999999999992 0 0
19 0.0549999999999999 0 0
20 0.05999999999999989 0 0
21 0.06499999999999988 0 0
22 0.06999999999999988 0 0
23 0.07499999999999986 0 0
24 0.07999999999999985 0 0
25 0.08499999999999985 0 0
26 0.08999999999999984 0 0
27 0.09499999999999982 0 0
28 0.09999999999999981 0 0
29 0.1049999999999998 0 0
30 0.1099999999999998 0 0
31 0.1149999999999998 0 0
32 0.1199999999999998 0 0
33 0.1249999999999998 0 0
34 0.1299999999999998 0 0
35 0.1349999999999998 0 0
36 0.1399999999999998 0 0
37 0.1449999999999998 0 0
38 0.1499999999999998 0 0
39 0.1549999999999997 0 0
40 0.1599999999999998 0 0
41 0.1649999999999998 0 0
42 0.1699999999999998 0 0
43 0.1749999999999998 0 0
44 0.1799999999999998 0 0
45 0.1849999999999998 0 0
46 0.1899999999999998 0 0
47 0.1949999999999998 0 0
48 0.1999999999999998 0 0
49 0.2049999999999998 0 0
50 0.2099999999999998 0 0
51 0.2149999999999998 0 0
52 0.2199999999999999 0 0
53 0.2249999999999999 0 0
54 0.2299999999999999 0 0
55 0.2349999999999999 0 0
56 0.2399999999999999 0 0
57 0.2449999999999999 0 0
58 0.2499999999999999 0 0
59 0.2549999999999999 0 0
60 0.2599999999999999 0 0
61 0.265 0 0
62 0.2699999999999999 0 0
63 0.275 0 0
64 0.28 0 0
65 0.2849999999999999 0 0
66 0.2899999999999999 0 0
67 0.295 0 0
68 0.3 0.095 0
69 0.3 0.09 0
70 0.3 0.08499999999999999 0
71 0.3 0.07999999999999999 0
72 0.3 0.07499999999999997 0
73 0.3 0.06999999999999995 0
74 0.3 0.06499999999999995 0
75 0.3 0.05999999999999994 0
76 0.3 0.05499999999999993 0
77 0.3 0.04999999999999993 0
78 0.3 0.04499999999999993 0
79 0.3 0.03999999999999992 0
80 0.3 0.03499999999999992 0
81 0.3 0.02999999999999993 0
82 0.3 0.02499999999999994 0
83 0.3 0.01999999999999993 0
84 0.3 0.01499999999999994 0
85 0.3 0.009999999999999953 0
86 0.3 0.004999999999999977 0
87 0.295 0.1 0
88 0.29 0.1 0
89 0.285 0.1 0
90 0.28 0.1 0
91 0.275 0.1 0
92 0.27 0.1 0
93 0.265 0.1 0
94 0.2600000000000001 0.1 0
95 0.2550000000000001 0.1 0
96 0.2500000000000001 0.1 0
97 0.2450000000000001 0.1 0
98 0.2400000000000001 0.1 0
99 0.2350000000000001 0.1 0
100 0.2300000000000001 0.1 0
101 0.2250000000000001 0.1 0
102 0.2200000000000001 0.1 0
103 0.2150000000000001 0.1 0
104 0.2100000000000001 0.1 0
105 0.2050000000000002 0.1 0
106 0.2000000000000002 0.1 0
107 0.1950000000000002 0.1 0
108 0.1900000000000002 0.1 0
109 0.1850000000000002 0.1 0
110 0.1800000000000002 0.1 0
111 0.1750000000000002 0.1 0
112 0.1700000000000002 0.1 0
113 0.1650000000000002 0.1 0
114 0.1600000000000002 0.1 0
115 0.1550000000000002 0.1 0
116 0.1500000000000002 0.1 0
117 0.1450000000000002 0.1 0
118 0.1400000000000002 0.1 0
119 0.1350000000000002 0.1 0
120 0.1300000000000002 0.1 0
121 0.1250000000000002 0.1 0
122 0.1200000000000002 0.1 0
123 0.1150000000000002 0.1 0
124 0.1100000000000002 0.1 0
125 0.1050000000000002 0.1 0
126 0.1000000000000002 0.1 0
127 0.09500000000000014 0.1 0
128 0.09000000000000016 0.1 0
129 0.08500000000000016 0.1 0
130 0.08000000000000013 0.1 0
131 0.07500000000000012 0.1 0
132 0.07000000000000012 0.1 0
133 0.06500000000000011 0.1 0
134 0.06000000000000011 0.1 0
135 0.05500000000000008 0.1 0
136 0.05000000000000007 0.1 0
137 0.04500000000000004 0.1 0
138 0.04000000000000009 0.1 0
139 0.03500000000000003 0.1 0
140 0.03000000000000008 0.1 0
141 0.02500000000000002 0.1 0
142 0.02000000000000002 0.1 0
143 0.01500000000000007 0.1 0
144 0.01000000000000006 0.1 0
145 0.005000000000000004 0.1 0
146 0 0.095 0
147 0 0.09 0
148 0 0.08499999999999999 0
149 0 0.07999999999999999 0
150 0 0.07499999999999997 0
151 0 0.06999999999999995 0
152 0 0.06499999999999995 0
153 0 0.05999999999999994 0
154 0 0.05499999999999993 0
155 0 0.04999999999999993 0
156 0 0.04499999999999993 0
157 0 0.03999999999999992 0
158 0 0.03499999999999992 0
159 0 0.02999999999999993 0
160 0 0.02499999999999994 0
161 0 0.01999999999999993 0
162 0 0.01499999999999994 0
163 0 0.009999999999999953 0
164 0 0.004999999999999977 0
165 0.03241073360510646 0.06985417748196109 0
166 0.03478631328575114 0.06941883634852106 0
167 0.03709209774085071 0.06870032485370831 0
168 0.03929446344087536 0.06770912051306421 0
169 0.04136129493462311 0.06645967731787314 0
170 0.0432624531648159 0.06497021496342203 0
171 0.04497021496342202 0.06326245316481592 0
172 0.04645967731787313 0.06136129493462313 0
173 0.0477091205130642 0.05929446344087537 0
174 0.0487003248537083 0.05709209774085072 0
175 0.04941883634852104 0.05478631328575116 0
176 0.04985417748196108 0.05241073360510647 0
177 0.04985417748196108 0.04758926639489354 0
178 0.04941883634852104 0.04521368671424885 0
179 0.0487003248537083 0.04290790225914929 0
180 0.0477091205130642 0.04070553655912463 0
181 0.04645967731787314 0.03863870506537689 0
182 0.04497021496342202 0.0367375468351841 0
183 0.0432624531648159 0.03502978503657798 0
184 0.04136129493462312 0.03354032268212687 0
185 0.03929446344087537 0.03229087948693581 0
186 0.03709209774085072 0.0312996751462917 0
187 0.03478631328575116 0.03058116365147896 0
188 0.03241073360510646 0.03014582251803892 0
189 0.02758926639489354 0.03014582251803892 0
190 0.02521368671424885 0.03058116365147896 0
191 0.02290790225914929 0.03129967514629171 0
192 0.02070553655912463 0.03229087948693581 0
193 0.01863870506537688 0.03354032268212687 0
194 0.0167375468351841 0.03502978503657798 0
195 0.01502978503657798 0.03673754683518409 0
196 0.01354032268212687 0.03863870506537689 0
197 0.0122908794869358 0.04070553655912463 0
198 0.0112996751462917 0.04290790225914928 0
199 0.01058116365147896 0.04521368671424885 0
200 0.01014582251803892 0.04758926639489353 0
201 0.01014582251803892 0.05241073360510646 0
202 0.01058116365147896 0.05478631328575115 0
203 0.0112996751462917 0.05709209774085072 0
204 0.0122908794869358 0.05929446344087537 0
205 0.01354032268212687 0.06136129493462311 0
206 0.01502978503657797 0.06326245316481591 0
207 0.01673754683518409 0.06497021496342202 0
208 0.01863870506537688 0.06645967731787313 0
209 0.02070553655912463 0.0677091205130642 0
210 0.02290790225914928 0.06870032485370831 0
211 0.02521368671424884 0.06941883634852104 0
212 0.02758926639489353 0.06985417748196109 0
213 0.05200829106469836 0.04859214400399401 0
214 0.09765011911370769 0.09526129600211967 0
215 0.09732891540889739 0.004344904780329187 0
216 0.05120117844973555 0.05631348420087523 0
217 0.2074998748356368 0.09583345625110726 0
218 0.1775008452092923 0.0956698291842499 0
219 0.1224946340689341 0.004023992305863498 0
220 0.1475000000000002 0.09566987298107783 0
221 0.2325891258364341 0.004137017211925144 0
222 0.2475000000000001 0.09566987298107783 0
223 0.1925008314103445 0.004330412493312029 0
224 0.1625717917127893 0.004128700505298274 0
225 0.1175000000000002 0.09566987298107783 0
226 0.2272763245221936 0.09501269744292898 0
227 0.2130292569274901 0.004780205518678436 0
228 0.1423899744695537 0.00470969661770048 0
229 0.252559790875551 0.004301409725828792 0
230 0.05010219920341705 0.04088384637913796 0
231 0.2957420842284653 0.05247809234014177 0
232 0.07809190504737515 0.0959185498611218 0
233 0.04736139746460839 0.06360178628665476 0
234 0.07703349441473306 0.00382551932222909 0
235 0.2677088035201178 0.09579043667102718 0
236 0.2958033337031123 0.03265362125343393 0
237 0.04556524904277472 0.03434138927948988 0
238 0.2678042823660078 0.004097764786216082 0
239 0.2959716886066285 0.06749997640926159 0
240 0.1327206932521536 0.09601718023589795 0
241 0.1924994390338343 0.09567004712240271 0
242 0.1627259595729027 0.09579793398840931 0
243 0.1775105940060655 0.004329414185408623 0
244 0.04157646734758588 0.06887014801815566 0
245 0.06210699279465602 0.09563211685147527 0
246 0.06325085298942597 0.004446049385471641 0
247 0.03910871106537725 0.02991961054585319 0
248 0.02353819806171775 0.07120178024997639 0
249 0.02346480402163445 0.02904436259815637 0
250 0.03396446009237304 0.07167347213536018 0
251 0.03133081969606982 0.02799876994705348 0
252 0.01874187653234102 0.03108149938517635 0
253 0.01869162747220501 0.06900129954284895 0
254 0.02866935564960806 0.07198358879349534 0
255 0.04789299212580389 0.09623724105035197 0
256 0.04728837365952593 0.004295693631542037 0
257 0.01750000000000004 0.09566987298107785 0
258 0.01759015726500268 0.004132972199233899 0
259 0.2825789326230167 0.004026999092233245 0
260 0.2956855224269773 0.08252709140276543 0
261 0.0325863063444586 0.09558451882582425 0
262 0.03267350880206006 0.004081085017519283 0
263 0.01432791131785302 0.03449342803665713 0
264 0.01442192305152895 0.06553836789342209 0
265 0.004330127018922186 0.08249999999999999 0
266 0.004314609882458964 0.01708404053689845 0
267 0.2829424093566374 0.09557727816046283 0
268 0.2955572766701822 0.01745397192557013 0
269 0.1081500403936229 0.003971889917276192 0
270 0.08750000000000016 0.09566987298107782 0
271 0.08752879465940311 0.00388342716703037 0
272 0.1076515576543351 0.09587334106195985 0
273 0.2424999999999999 0.004330127018922193 0
274 0.2024560600740994 0.00433705727362084 0
275 0.2216637329965241 0.003686684986180397 0
276 0.2375 0.09591688316539337 0
277 0.2956698729810778 0.04249999999999993 0
278 0.2170127111966298 0.09560820284397428 0
279 0.1320647081019653 0.003956339010860052 0
280 0.1527306427333643 0.004207406398471239 0
281 0.2573654367630464 0.09599601226592536 0
282 0.01112214855873186 0.03859079819316723 0
283 0.01108457633509111 0.06144745852900963 0
284 0.004609009678227 0.02727246413201163 0
285 0.004252210223076897 0.07206262420217685 0
286 0.008925083649293425 0.04343281313789309 0
287 0.008925083649293425 0.05656718686210692 0
288 0.007591565349847368 0.05141184840681253 0
289 0.2957661397747208 0.0924788131535956 0
290 0.007785826554964514 0.09582035039699568 0
291 0.2923066240900316 0.004218481385247157 0
292 0.007782055930941667 0.004182015732163161 0
293 0.00452104096855932 0.03773510155834483 0
294 0.004525610025754245 0.06223000270356245 0
295 0.003678578706329289 0.04249952978736958 0
296 0.004453207590791541 0.04661795393448764 0
297 0.003652599024777131 0.05753398917294331 0
298 0.004120950288265368 0.06742440641843714 0
299 0.007967989710315121 0.06971163078834841 0
300 0.008276678101851731 0.07370810930646209 0
301 0.01139582897237693 0.07153826740380875 0
302 0.01180130579719446 0.0751804054522751 0
303 0.01441389706210613 0.07278258380129768 0
304 0.01551512820361917 0.07619150270073957 0
305 0.01191033203918263 0.07925827587069573 0
306 0.01574261228786197 0.0803281612130458 0
307 0.01877268615519742 0.07808695497996168 0
308 0.01907547241585775 0.08170335120011603 0
309 0.02192557560302924 0.07951708739788009 0
310 0.02236393594496269 0.08300647574270598 0
311 0.02522907931553639 0.08081777843816085 0
312 0.02573295298924379 0.08438388580206033 0
313 0.02862287003027306 0.08213645759015301 0
314 0.01616054129698288 0.08420886753467774 0
315 0.02915125624426582 0.08576101125637492 0
316 0.03199611807531412 0.08343965212998689 0
317 0.02617883835257151 0.08816902475884902 0
318 0.03146812533150734 0.07993378549547739 0
319 0.03481759642552486 0.08116371618224252 0
320 0.0354137077214085 0.08469256780153855 0
321 0.03824231809294878 0.0823621289120981 0
322 0.03887788580156121 0.08598785488080037 0
323 0.04166365668389302 0.08354271048697745 0
324 0.04100699877432407 0.08000122892610061 0
325 0.04435631202217521 0.0811324874886061 0
326 0.04369713253539405 0.07772880135991755 0
327 0.04700832787151352 0.07878217838276147 0
328 0.04769806327966165 0.08221214671203703 0
329 0.05026738705500752 0.07979451627119991 0
330 0.04956554973247286 0.07644403502389641 0
331 0.05275886216471612 0.07739190821631442 0
332 0.05216416003801777 0.07429722321962187 0
333 0.05523347759363506 0.07509518077897362 0
334 0.05482996649422385 0.07164744644689042 0
335 0.05784308927607582 0.07290106264065083 0
336 0.05843800272122199 0.07605401439637438 0
337 0.06090282712435813 0.07371558692647273 0
338 0.06020319466861612 0.07060616091921909 0
339 0.06331878214605793 0.07134233830395378 0
340 0.0624297730971152 0.06810763434280813 0
341 0.06584263965884504 0.06903559124957162 0
342 0.0647961680913524 0.06559495521854129 0
343 0.06829889627339385 0.06660268223138632 0
344 0.06726574342697228 0.06311984682603788 0
345 0.07068076463193693 0.06403533578158166 0
346 0.06972654059804446 0.06056251181550919 0
347 0.0732127190293779 0.06148873399641973 0
348 0.072221013297917 0.05790370975742078 0
349 0.07582272429192377 0.05888225918296005 0
350 0.07478872875272781 0.05515205930991334 0
351 0.0784996974796215 0.05621077654556857 0
352 0.0774723728632758 0.05248080472462665 0
353 0.0812338526752968 0.05350010965601417 0
354 0.08019972580275923 0.04976214534499209 0
355 0.08400585590906218 0.0507518428043686 0
356 0.08504348256005373 0.05457399639969841 0
357 0.08785355960299021 0.0517658463328157 0
358 0.08893109695415564 0.05579193801263843 0
359 0.09173075175948299 0.05268489918710161 0
360 0.08658606911943631 0.04773485011475144 0
361 0.0929277974005189 0.05692876057204979 0
362 0.09585988829528393 0.05369592449503445 0
363 0.0970789730602348 0.05797597772948183 0
364 0.100160405168148 0.05490482049302053 0
365 0.0988105247436027 0.05043197908407848 0
366 0.1032497624638712 0.05172680820338481 0
367 0.1044481591032516 0.05608743263524411 0
368 0.1076317237993404 0.05293416460471452 0
369 0.106426042019529 0.04855353979922609 0
370 0.1108376547849409 0.04972774698679262 0
371 0.1120221659630877 0.05415043618532412 0
372 0.1152757906571338 0.05088886532301985 0
373 0.1164647304342762 0.05537878956478402 0
374 0.1197621625707534 0.05206510255603881 0
375 0.1209716703953039 0.0565924653955102 0
376 0.1242978851958927 0.05327482016160239 0
377 0.1230657456143741 0.04871775823906376 0
378 0.1275936166793505 0.04994145478515041 0
379 0.1288693471122308 0.0544977714831329 0
380 0.132114513579754 0.05107851502714521 0
381 0.1334752843125002 0.05575404064738994 0
382 0.1367832789265527 0.05227582372129422 0
383 0.1381124459882927 0.05700453625395345 0
384 0.1415280795772653 0.05358843546507581 0
385 0.1401898466337662 0.04883698954376944 0
386 0.1449559367678004 0.05015340249429363 0
387 0.1462350567830304 0.05486678984011359 0
388 0.1496783117749461 0.05142305671060714 0
389 0.1509468516915456 0.05614299841332508 0
390 0.1544070404402806 0.05268151766129173 0
391 0.1556807281436813 0.05741156390016539 0
392 0.1591484850137784 0.05393714570835465 0
393 0.1578701359804326 0.04921026069885451 0
394 0.1626240856720505 0.05045561857400825 0
395 0.1639046021614136 0.05520466608098382 0
396 0.1673891684064473 0.05172067614972971 0
397 0.1686738884094158 0.05647239641797534 0
398 0.1721638969680105 0.05298979644678172 0
399 0.1096265820521539 0.04534375270837625 0
400 0.1708761019190647 0.04821918083066647 0
401 0.1756566715672826 0.04948942793674899 0
402 0.1769442443393696 0.05427142822262147 0
403 0.1804433571818753 0.05076136356374154 0
404 0.1817326157866722 0.05555374512807555 0
405 0.1852380457446617 0.05203679109101743 0
406 0.1865295137246745 0.05683439346167318 0
407 0.1900394495338675 0.05331773390917051 0
408 0.1887452713674284 0.0485167053786379 0
409 0.1935509129940332 0.04979781026081373 0
410 0.1948440846773547 0.05459985981565549 0
411 0.1983586501730277 0.05107982958215895 0
412 0.1996531709951776 0.05588434086232934 0
413 0.2031700046605193 0.05236152366321166 0
414 0.2044643173215844 0.05717045426603586 0
415 0.2079838753694716 0.05364370633304437 0
416 0.2066881239041697 0.04883503706701008 0
417 0.2115046133370067 0.05011489043980374 0
418 0.2128011965825088 0.05492922707076939 0
419 0.216323464302629 0.05139889059857984 0
420 0.2176200532817755 0.05621523788540949 0
421 0.2211438596929697 0.05268364888991406 0
422 0.2198463000157403 0.04786604249705 0
423 0.2246681244635162 0.04915079345555547 0
424 0.2259658488139709 0.05396965922290335 0
425 0.229491383045011 0.05043638501198367 0
426 0.2307893300838822 0.05525639042086337 0
427 0.2343153738918782 0.05172243705685246 0
428 0.2356132831654004 0.05654375000707752 0
429 0.2391400638567951 0.05300891618063398 0
430 0.2378417220072718 0.04818709617682683 0
431 0.242667077399851 0.049473514499863 0
432 0.2439655514348402 0.05429562716644184 0
433 0.2474930762233921 0.05076015480516546 0
434 0.2487916705014248 0.05558308637238358 0
435 0.2523196682771346 0.05204707502803749 0
436 0.2536182088182971 0.05687088510466788 0
437 0.07644057080504013 0.04876022567713166 0
438 0.2510207887983543 0.04722353403061492 0
439 0.07412223030379182 0.06500866206765071 0
440 0.1263631391021091 0.04536191452426749 0
441 0.1436826629144212 0.04546088593432648 0
442 0.1922560146791631 0.04499647013153034 0
443 0.09400211675795028 0.06100386174310136 0
444 0.2233698441296708 0.0443316848454411 0
445 0.2558476106764079 0.04851003814020825 0
446 0.2545490932260509 0.04368623982044834 0
447 0.1743649068258775 0.04470998701565478 0
448 0.1176416312651444 0.05990652488202403 0
449 0.2593763697878409 0.04497290697489219 0
450 0.2580769481831444 0.04015074689702747 0
451 0.2532498127986553 0.03886834752342047 0
452 0.1347191143606302 0.06037417048717335 0
453 0.2320868581156894 0.06007682197029496 0
454 0.2009427602073779 0.06069538434931293 0
455 0.1830187426725889 0.06035057066872389 0
456 0.2500898626483417 0.06040736647639653 0
457 0.2549170024783237 0.0616951952311671 0
458 0.1522074908619005 0.06088190703005474 0
459 0.06665722390689334 0.07230123103182298 0
460 0.2629051561243797 0.04143553534708753 0
461 0.2642040933544076 0.04625768248064823 0
462 0.2616074417323596 0.03661479124758178 0
463 0.2513883928178137 0.06523216620016239 0
464 0.2562159793763373 0.06652010713083653 0
465 0.06855702819714997 0.05640777764457156 0
466 0.2664346230934711 0.03789757792741211 0
467 0.2651375996951185 0.03307441246202756 0
468 0.2526865823915592 0.07005736308362218 0
469 0.2575149051591741 0.0713454467427263 0
470 0.2610444004183675 0.06780771711073302 0
471 0.262343531706321 0.07263340594499625 0
472 0.265873400864422 0.06909531188626102 0
473 0.2671726129273454 0.07392149881110238 0
474 0.2699645410840184 0.03435924526080338 0
475 0.2686657910641541 0.02953376801962871 0
476 0.2638396575764421 0.02825166405932685 0
477 0.2707026685829372 0.07038324137789734 0
478 0.06337935346908025 0.06217155449283843 0
479 0.2720020422153013 0.07520964288455194 0
480 0.2734951462383011 0.03082118349376251 0
481 0.2721956185800932 0.02599454658130793 0
482 0.274792597845626 0.03564475301904574 0
483 0.05862307499535269 0.06764526956585319 0
484 0.247859645707537 0.06876874310310141 0
485 0.2491572257559126 0.07359462852995363 0
486 0.2443297091601419 0.07230600895858229 0
487 0.2185473912550534 0.04304724057581434 0
488 0.2220711332570724 0.03951223869342502 0
489 0.2172479377937696 0.03822710380793599 0
490 0.2207726011640175 0.03469177345111429 0
491 0.2159483234699754 0.03340651555363409 0
492 0.2194737112267665 0.02987059282457102 0
493 0.2242990339040298 0.0311562879377425 0
494 0.2146484020263392 0.02858525229854319 0
495 0.2111237427039104 0.0321221236348586 0
496 0.2098237072892573 0.02730098159312971 0
497 0.2229999071734397 0.02633392729863224 0
498 0.2278267496917602 0.02762001534625146 0
499 0.2062995200462415 0.03083670211690165 0
500 0.205000170443938 0.02601693320169659 0
501 0.201477172784513 0.02955074212938431 0
502 0.2001068507781424 0.0250014051895493 0
503 0.1966438219068807 0.02830983249388238 0
504 0.1952727146924283 0.02377011127768557 0
505 0.1918200876687526 0.02704085986392495 0
506 0.1905414658077585 0.02224877572332844 0
507 0.1870288963147556 0.02573165401874971 0
508 0.2694033394701132 0.06555689713961051 0
509 0.2742328001640508 0.0668448231457682 0
510 0.2729333654531751 0.06201824652235207 0
511 0.2140967312167733 0.05974603341501952 0
512 0.1695822955731566 0.04344115479167316 0
513 0.1730739785840365 0.03992781287222768 0
514 0.1682860955929363 0.03865580528953766 0
515 0.1052022825693828 0.04418454734412573 0
516 0.1084033535486153 0.04093510849476387 0
517 0.103971688072959 0.03977457020300601 0
518 0.1071847074686762 0.03651019416311196 0
519 0.1027275622156871 0.03534690238002552 0
520 0.105958393308052 0.03205941117693536 0
521 0.1014771768201474 0.03092866229855476 0
522 0.1104572987461344 0.03322114722970743 0
523 0.1091960604908404 0.02870444319628535 0
524 0.1137777456709236 0.0298927584748607 0
525 0.1124873893515306 0.02530998123234897 0
526 0.117002896927183 0.02639039983838855 0
527 0.09826854630352613 0.03420124095397116 0
528 0.09702555159228611 0.02980923259310747 0
529 0.09386243968401663 0.03306250596028786 0
530 0.0926410238338299 0.02872541247679954 0
531 0.08952952679871258 0.03192018229952039 0
532 0.08831497866072077 0.02764816813761743 0
533 0.08526045835328727 0.03079338347452635 0
534 0.08406972015289273 0.02660172864607029 0
535 0.08107108987302519 0.0296748699478392 0
536 0.07990123526705245 0.02556775545321846 0
537 0.07692024143718047 0.02859442043149324 0
538 0.07579067937392156 0.02473775036880189 0
539 0.07289999350825266 0.02746969222742712 0
540 0.07126782866933114 0.02339858805733567 0
541 0.0689236393467558 0.02666931180944283 0
542 0.07008411085910174 0.03025604980910516 0
543 0.06632678629803054 0.02924061399799954 0
544 0.06526863727863742 0.02582831775547851 0
545 0.06734550689483922 0.03284934738363293 0
546 0.06269740639893631 0.02828178211291045 0
547 0.06172293837564741 0.02474296794420944 0
548 0.05924587389272751 0.02718060234816125 0
549 0.05821170809866473 0.02383765450855518 0
550 0.05988504944573572 0.03086475708174373 0
551 0.0957713192104184 0.02544212416154878 0
552 0.07099299849407115 0.03389305769984054 0
553 0.06831472253275743 0.03644191198725791 0
554 0.1569543424960205 0.06215668589912935 0
555 0.153470185881415 0.06563522931605947 0
556 0.1582298995044787 0.06691488704723704 0
557 0.1547361989362891 0.07040216349780491 0
558 0.1595074446408034 0.07168566330785414 0
559 0.1562243836964739 0.07512149196196147 0
560 0.1513748251306374 0.07447759437917101 0
561 0.1607862637199568 0.07625049886439778 0
562 0.1642905213644042 0.07293011274410829 0
563 0.1655175579451769 0.0782274320839948 0
564 0.1717714012054762 0.03514406308055873 0
565 0.166987008490071 0.03386877528175152 0
566 0.1704758989666402 0.0303533055925354 0
567 0.1656894770494405 0.02907668832189072 0
568 0.1621933857259675 0.03260079366031556 0
569 0.1608948684020597 0.02780835277421589 0
570 0.1691921695938295 0.02555419398842185 0
571 0.1574002875037406 0.03132747378651857 0
572 0.1561040190742564 0.02654323438705685 0
573 0.1526159843352816 0.03005067716899226 0
574 0.1513219598687914 0.02527804422180373 0
575 0.147840299371545 0.02877771580538004 0
576 0.1465492307150404 0.02401660986559264 0
577 0.1430736041546237 0.0275047683902168 0
578 0.1690757290056885 0.07431895828823092 0
579 0.0617876563908607 0.07707054510179089 0
580 0.1417856873341252 0.02275638385519699 0
581 0.1383243540219523 0.0262476396621045 0
582 0.08709548302582837 0.02340638427338478 0
583 0.07947625654803758 0.05991571555773968 0
584 0.09820159619301265 0.06219050523990184 0
585 0.09496580561878834 0.06537094843164187 0
586 0.09930586671396296 0.06648309714002691 0
587 0.09608484005121667 0.06964137017300559 0
588 0.1004454724248056 0.07081499628646948 0
589 0.09722149648701586 0.07394562679407728 0
590 0.09286858481281049 0.07276363504903401 0
591 0.1016027022928212 0.07520661478417857 0
592 0.09395952732232835 0.0770381662398231 0
593 0.08965582407041894 0.07578958382275636 0
594 0.277025605177845 0.02728230551937772 0
595 0.05542721205783947 0.02654494243872547 0
596 0.05457882665594357 0.02299149207202268 0
597 0.06460069384389114 0.02170123041557071 0
598 0.05099608784871186 0.08335047969488646 0
599 0.1048655148432748 0.07199828081750284 0
600 0.1060428306352302 0.07645595364055061 0
601 0.07916208035156688 0.04602741289936411 0
602 0.0570862296415984 0.01995614414326958 0
603 0.05339212517112477 0.01944745575172829 0
604 0.05099605361132034 0.02212224972371406 0
605 0.04995551316156152 0.0186392228059571 0
606 0.1092581935600038 0.07322287178879965 0
607 0.1105404683208993 0.07771804228617253 0
608 0.1138737246908307 0.07448851704259464 0
609 0.04749429766876012 0.02134809847693489 0
610 0.0464391423903428 0.0178489921600289 0
611 0.2133468346330321 0.0237631995435987 0
612 0.04393157606549947 0.02062772255013155 0
613 0.04288595434195724 0.01721518426730322 0
614 0.04037041833895452 0.01963850762435029 0
615 0.07846685201207458 0.02136948698162823 0
616 0.2777628972853649 0.06330613144355135 0
617 0.2764635114296179 0.05847946655773143 0
618 0.2790626176398302 0.06813221788980951 0
619 0.2588138227456652 0.07617086582349154 0
620 0.1151092531347594 0.07902429950708376 0
621 0.1185867994798425 0.07573868462144184 0
622 0.1197460245208381 0.08032110878244481 0
623 0.1231855844001673 0.07693706294868086 0
624 0.1370340098572545 0.02150618329052745 0
625 0.2265267917217109 0.02279609016870599 0
626 0.2313545227655423 0.02408258130214861 0
627 0.2326539880009927 0.02890678544750491 0
628 0.2361823049917457 0.02536921934973497 0
629 0.2757258319424699 0.02245527587365325 0
630 0.2456276293716512 0.07713211643895145 0
631 0.2408005366807848 0.07584365499785682 0
632 0.1157260384186684 0.02190785399962565 0
633 0.1111605266147666 0.02070239633540721 0
634 0.185858951084845 0.02104375020938657 0
635 0.2708955941177664 0.02116755280556622 0
636 0.1595944268729529 0.02302305595866427 0
637 0.1703686450776818 0.07904241081709265 0
638 0.173864245563524 0.07554781645506281 0
639 0.2374806426224566 0.03019255736832717 0
640 0.2410101922016531 0.02665609120156317 0
641 0.1578893808170805 0.07925984961805477 0
642 0.2397109294695761 0.02183131317806201 0
643 0.2445396433884046 0.02311827758814708 0
644 0.1027306098001047 0.07965601487244423 0
645 0.08859509728487096 0.07156794455758435 0
646 0.08545255182024904 0.07457995139169984 0
647 0.08647531872351927 0.07879615045326152 0
648 0.08233424351870253 0.07756303201487232 0
649 0.0393644005085238 0.01640317143887227 0
650 0.03697012668775781 0.01874577018671299 0
651 0.1181051882612684 0.03064670774435334 0
652 0.174981947062334 0.08015081953577047 0
653 0.1786470747978208 0.07680410203764176 0
654 0.1795206005743912 0.08218470441014961 0
655 0.1834831120556306 0.07813095464543761 0
656 0.2031713065544634 0.02116965466681228 0
657 0.1201262649108461 0.02255241854421923 0
658 0.2684716805885439 0.0787480996660887 0
659 0.273301507748229 0.08003637518194148 0
660 0.05243457527109407 0.01588179792101094 0
661 0.1244023893496279 0.08161468112085701 0
662 0.1278537340083603 0.07820352461463938 0
663 0.08334111120357678 0.081755651997239 0
664 0.07924087226006259 0.08050402891216134 0
665 0.1396518573572468 0.03101901545790425 0
666 0.1348868836882987 0.02973181472338007 0
667 0.1500137047471694 0.02051151299542602 0
668 0.2805562305369121 0.02374313901943946 0
669 0.04874536894406585 0.02460368338173671 0
670 0.2812933518298099 0.05976760190409336 0
671 0.2799938595897749 0.05494074224822076 0
672 0.1765451797193367 0.03638776706267243 0
673 0.0875331550186445 0.08306073236038372 0
674 0.1266029746973125 0.07369519153450221 0
675 0.1313778734356054 0.07488186905401026 0
676 0.1325594858476735 0.07950859064907824 0
677 0.2268953488540273 0.04079818331311515 0
678 0.2584458301365338 0.05815818473093702 0
679 0.2189169581618551 0.06103295644193976 0
680 0.2153919039186362 0.06456527243683127 0
681 0.2202139185447846 0.06585222489817938 0
682 0.2166877559144316 0.06938553024028601 0
683 0.2215112780354319 0.07067285142796904 0
684 0.2179842800534546 0.0742067542893136 0
685 0.2131602057218991 0.07291924211756179 0
686 0.2228090086372232 0.07549480712345052 0
687 0.2144567820390329 0.07774052730383815 0
688 0.2096325752527415 0.07645315215040692 0
689 0.2027829835440579 0.03437955256349286 0
690 0.1878202984757875 0.06163406359527952 0
691 0.2413684953837934 0.04465107175529207 0
692 0.2263348790328296 0.0719601013014996 0
693 0.2276325648202717 0.07678341780877046 0
694 0.2241058683524304 0.08031863283792921 0
695 0.2288550096991905 0.0815325203936593 0
696 0.1539603138081767 0.03490406498109662 0
697 0.136205812734041 0.03447570843768145 0
698 0.1487191388684461 0.06434666497861766 0
699 0.09508892051376452 0.03738352911531975 0
700 0.1883161999750795 0.03050900888824202 0
701 0.1725848291549337 0.07073727983132343 0
702 0.2744259107183162 0.01762810220329986 0
703 0.1144371422782236 0.01729173900610532 0
704 0.1128599932717345 0.04206903831035395 0
705 0.1360255956750118 0.07607447395730124 0
706 0.1372694745847567 0.08079175018191118 0
707 0.2422201183324457 0.08063699919020248 0
708 0.2469469459701986 0.08195268519315729 0
709 0.07825199657325196 0.07639426705570947 0
710 0.07521151191089881 0.07928559954762991 0
711 0.03590890519218899 0.01543986131039534 0
712 0.03344437202170704 0.01790600030442082 0
713 0.08660234266686706 0.03488905207477892 0
714 0.03237635454700005 0.01458513550889972 0
715 0.0298598868017988 0.01723827942281862 0
716 0.02876876249080915 0.01371978813901078 0
717 0.0262793750190983 0.01645997241687145 0
718 0.02734447622947996 0.01986481770340124 0
719 0.02390899731551405 0.01916188435570432 0
720 0.02270403546064306 0.01570139387514549 0
721 0.02028301634494037 0.01852193441441315 0
722 0.2818560285060774 0.02857039318344465 0
723 0.2300548834778687 0.01925805628170742 0
724 0.2252262696892287 0.01797156813125441 0
725 0.1716505348884204 0.08385016063700604 0
726 0.1847914572935073 0.08291825498615044 0
727 0.1882852375521567 0.07940677148012043 0
728 0.03858141686496588 0.01244580492418138 0
729 0.1078966776659568 0.06889050673895146 0
730 0.1947147800176514 0.01842806015661505 0
731 0.2109292408147695 0.08127401165809101 0
732 0.20610554731017 0.07998598530409272 0
733 0.204809179961131 0.07516566542421267 0
734 0.07534179741199409 0.0449896520419129 0
735 0.07274860585640695 0.04774571688782063 0
736 0.07801511098824539 0.04218417333927844 0
737 0.04926720704888587 0.07304319046216196 0
738 0.01898129810308974 0.01489976624738905 0
739 0.07616012078594049 0.08339399555319549 0
740 0.07216907137498624 0.08212472552927187 0
741 0.08444523348577779 0.07040183677026141 0
742 0.1221849666217722 0.06114113686135915 0
743 0.01644786720555538 0.01785791304025556 0
744 0.111741082086699 0.08221478923995021 0
745 0.01779279956041629 0.0214465454983867 0
746 0.05919648492180553 0.07956430696184806 0
747 0.2432398240101344 0.0182927020771283 0
748 0.248068927533689 0.01957973529133726 0
749 0.2493688071702351 0.02440574882246984 0
750 0.2528982453022569 0.02086714716493891 0
751 0.1314645864379861 0.03318738729137267 0
752 0.1405005450446147 0.0180071733259167 0
753 0.1357389582309762 0.01675102788421152 0
754 0.01514976815407273 0.01393715584681218 0
755 0.04050113619112268 0.07666542455477127 0
756 0.06258133580968542 0.08068469346260447 0
757 0.05998441129126854 0.08317203436754669 0
758 0.063695966306296 0.08437915980232794 0
759 0.01397344982097998 0.02082818147249721 0
760 0.07292656299676717 0.08636097823935254 0
761 0.1098617196257954 0.01608342873425482 0
762 0.2395063206689039 0.07101423526832364 0
763 0.2751639821222173 0.05365273486474182 0
764 0.2786942459114735 0.05011383960292767 0
765 0.2696361876559479 0.01638098504134473 0
766 0.2423062397224282 0.03147894973532204 0
767 0.1874493296548848 0.04371526981289264 0
768 0.1739711869481711 0.02682033868731912 0
769 0.1726974507121735 0.02202615500937497 0
770 0.2852786261131164 0.02506025772553952 0
771 0.2838287618237042 0.0202732615353975 0
772 0.2012946960018497 0.07863369653403826 0
773 0.1999980268688412 0.07383783524389466 0
774 0.2025754876481334 0.08339160857324861 0
775 0.1065118700813558 0.0195132852658993 0
776 0.1052192933547205 0.01490323145207283 0
777 0.1869803350730463 0.07461174353775549 0
778 0.03752191274257416 0.02166464569230774 0
779 0.189662039957818 0.08399138785018065 0
780 0.2835243515729542 0.05140178581117309 0
781 0.2822246003714042 0.04657468672517175 0
782 0.1322768225126464 0.02024988115758345 0
783 0.1309797375460932 0.01549940825755473 0
784 0.18709844220669 0.08737462948610461 0
785 0.2698146931344551 0.08341053987463584 0
786 0.2746520779466775 0.08467149183701886 0
787 0.2781402202759982 0.08129251982515096 0
788 0.01528754917456643 0.02434043386029633 0
789 0.04498783512168336 0.0147077249394811 0
790 0.1132399921607064 0.01260724131388526 0
791 0.1176897449930715 0.01367728495082045 0
792 0.2467689121541529 0.01475358274494982 0
793 0.2435423204323582 0.08545705150043575 0
794 0.04845099996689489 0.08588700058048543 0
795 0.05195355278875947 0.08714542484162022 0
796 0.0843934936265985 0.08588867822066287 0
797 0.2731734943886665 0.01284812951666415 0
798 0.1188670588858304 0.06433206242559458 0
799 0.1337903874993769 0.08423029425174794 0
800 0.1385200831750965 0.08554254225980587 0
801 0.1420163922167041 0.08207380334310074 0
802 0.07179331812241194 0.04419878642233936 0
803 0.06950541797328111 0.04674415517972095 0
804 0.06479274526806764 0.03544494739107872 0
805 0.06571262176941557 0.03889985791783335 0
806 0.06236718824559656 0.03799693014989843 0
807 0.06321951337884624 0.04123164899628743 0
808 0.06008647798694691 0.04035844389757649 0
809 0.06086473746084323 0.04343907058745006 0
810 0.05793232718410563 0.04266391485596945 0
811 0.05697509071765579 0.03937968661286843 0
812 0.05867988388074122 0.04565685430635844 0
813 0.06158662591941461 0.0464570151644202 0
814 0.05933815951939905 0.04855465136173969 0
815 0.06226278612863199 0.04943735967434355 0
816 0.06000351429252727 0.0515664144757555 0
817 0.07799047563432332 0.03235723396940046 0
818 0.1345957046438579 0.07166726063949069 0
819 0.1391936246793668 0.07321115686718008 0
820 0.1209344253525037 0.08501132226157165 0
821 0.0874963493228551 0.06744483168865213 0
822 0.02153773798222455 0.01195841793371616 0
823 0.06298660044297699 0.05244108889739842 0
824 0.06066968434305722 0.05447666588006008 0
825 0.05779571406413489 0.05364889744804842 0
826 0.05843043049086295 0.05648516202502254 0
827 0.2253905714277432 0.08513110987521338 0
828 0.2307866265403563 0.08691703136811019 0
829 0.138804151982987 0.04399829090676177 0
830 0.1423349822935558 0.04064347340365117 0
831 0.02525228859123055 0.07704333286114787 0
832 0.07430357211876173 0.07525981140095865 0
833 0.07731163532486991 0.07235579197129735 0
834 0.02506867999666763 0.02242164258014264 0
835 0.2286201830184655 0.01446919390087506 0
836 0.1007573657022907 0.04300005285845478 0
837 0.04296959758238278 0.07449289286842037 0
838 0.1471212438464947 0.04199496399336458 0
839 0.1909514312065628 0.0401799190800721 0
840 0.1018843621525653 0.01831905184394691 0
841 0.1005868621402949 0.01373590126911927 0
842 0.09726772442159254 0.0171390189938621 0
843 0.1301664313176167 0.02848550484381332 0
844 0.1327582704615077 0.0379950292710047 0
845 0.1281631731952757 0.03688878103098404 0
846 0.195768637072831 0.04146984468920917 0
847 0.2035142845083642 0.070340973795327 0
848 0.1986925799354698 0.06906059509965681 0
849 0.236911657440598 0.06136558925642906 0
850 0.2738645459686074 0.0488262075289277 0
851 0.2681038572758082 0.06073058358968438 0
852 0.2660753177315288 0.01989306574459666 0
853 0.2647463751869722 0.01537654794818122 0
854 0.2779645336051698 0.0140963864727237 0
855 0.2339525303672242 0.03373002858513475 0
856 0.2649491164012644 0.08225846372783052 0
857 0.2137274607533853 0.04176662217734813 0
858 0.1678924616433954 0.0207512970142497 0
859 0.171403876265117 0.01722232269076707 0
860 0.1665901925802847 0.01594349923995276 0
861 0.1703368315094259 0.01237562146502109 0
862 0.1749235239075967 0.01369218357723104 0
863 0.2334834599948417 0.01581966629797172 0
864 0.2205749873047911 0.08385198276223524 0
865 0.1648110095969059 0.04219168691222913 0
866 0.2105712177890574 0.06327738293246703 0
867 0.2365432499693865 0.04336694232307219 0
868 0.270334266402295 0.05236592489861067 0
869 0.233384263545669 0.0648994277395306 0
870 0.2541956414292745 0.02569364324922019 0
871 0.250665854090229 0.02922998330229708 0
872 0.1861526508363555 0.03891402685871725 0
873 0.1617165833330699 0.06342547927178727 0
874 0.1393697433528603 0.06168544722725539 0
875 0.2794411247610586 0.08611453877058878 0
876 0.282878376584448 0.0825146093955057 0
877 0.2816499037748106 0.07776385508916742 0
878 0.2864085024817308 0.0789338022936813 0
879 0.285177100757696 0.07421935369867018 0
880 0.2419265277354352 0.01348242549381719 0
881 0.2751928710055758 0.0889425215287456 0
882 0.1843118302065074 0.06513051467569962 0
883 0.0559124682323458 0.04491145127449774 0
884 0.0959709563929167 0.01262522609181007 0
885 0.0926941272440643 0.01597410326486148 0
886 0.1256226581546553 0.08632770978908033 0
887 0.06105814117597248 0.08701604591720191 0
888 0.06509563870394411 0.08832510985481828 0
889 0.1835031789683515 0.02922584219907206 0
890 0.03401241620604017 0.07785739388374237 0
891 0.08860550299741936 0.08740282664000537 0
892 0.2869789491803603 0.04788309154256738 0
893 0.2857416031630928 0.0430419422196519 0
894 0.1795113898707892 0.06382134206981571 0
895 0.1218236481765732 0.04417392076032355 0
896 0.2482643231520484 0.08673671387143461 0
897 0.2517654144968707 0.08323737354602129 0
898 0.1891138658267157 0.06642440962037778 0
899 0.01154588440478452 0.02391850244930361 0
900 0.01308270324475727 0.02727266403153381 0
901 0.10241839634519 0.06339030188782108 0
902 0.2908134626131765 0.07486033194596931 0
903 0.08582382807269101 0.05894747233757673 0
904 0.1432887524037487 0.08680805111773904 0
905 0.146790401370118 0.08335450510089487 0
906 0.07216895528170909 0.03800705033191251 0
907 0.08184124751852428 0.04323217168660489 0
908 0.2842428474174492 0.08692421115146098 0
909 0.02841043328668104 0.02337537776924777 0
910 0.07743596304682471 0.08803503126230594 0
911 0.09189848498452971 0.08428008793519168 0
912 0.03986680919497437 0.07344077161087464 0
913 0.01899911966880283 0.02505186337265296 0
914 0.1394860744128723 0.09098705552128328 0
915 0.2866261070041314 0.029821118552788 0
916 0.2831441666842205 0.03338905628759978 0
917 0.2901523706724194 0.02626554954874398 0
918 0.07011621912004065 0.05032030392175289 0
919 0.04235490039614015 0.08725223260296841 0
920 0.03942963643390848 0.08986039540085072 0
921 0.1392132837308551 0.0132413995770332 0
922 0.1439783714126542 0.01450740878495561 0
923 0.2238794866473977 0.01324171919008808 0
924 0.2203900185296384 0.0167011497050045 0
925 0.2190144141717586 0.01184328643095618 0
926 0.2155534930553189 0.01539887794181568 0
927 0.2878310623503277 0.03447581044639708 0
928 0.06547057923320058 0.07834007583236456 0
929 0.08345893371590685 0.0663552810094537 0
930 0.08072573402015584 0.03956201149983951 0
931 0.07327262069207671 0.07135456215158058 0
932 0.1143315477999039 0.0630700382951771 0
933 0.1233984254568221 0.06571375786898837 0
934 0.1458315311350482 0.03727141059075951 0
935 0.253114194290314 0.0878736914026763 0
936 0.2666389724011338 0.08756485117054139 0
937 0.03094594553608956 0.07691870531082044 0
938 0.1944497915093944 0.03663110794831003 0
939 0.1031772158044267 0.02293029588647419 0
940 0.09307060835875303 0.0885695288285738 0
941 0.09632212052597293 0.08560235327170254 0
942 0.05577028539043016 0.05577393764415342 0
943 0.05632091822166534 0.05850628427295941 0
944 0.05522315319824284 0.05302127083178594 0
945 0.05893432026710384 0.05939746350405646 0
946 0.05690512284016769 0.06139099692682567 0
947 0.05426767119951904 0.06057578081242122 0
948 0.05474644621556858 0.06329217652361263 0
949 0.05208389432423283 0.06247713598872802 0
950 0.05259380323586957 0.06518370808177007 0
951 0.2237383433156439 0.06231979840151061 0
952 0.2565958071007588 0.08449982885509288 0
953 0.2400701990739578 0.03983106238372655 0
954 0.24489579144228 0.04111569943433362 0
955 0.2809207102925743 0.04175314781035949 0
956 0.1826491728324898 0.04244687895702587 0
957 0.2577208059146804 0.02215366366197706 0
958 0.2563955512998469 0.0174365603903679 0
959 0.1926230319186004 0.06291550028210777 0
960 0.2311578995239947 0.07325040395081234 0
961 0.09137060272080923 0.01160360345674987 0
962 0.08812506233147516 0.01480878530924436 0
963 0.2372881481900695 0.07935009857861317 0
964 0.2554870231824918 0.03051440103070845 0
965 0.1774721425372212 0.02327087662119161 0
966 0.1267699313853854 0.06236873631738618 0
967 0.2886331749377147 0.06989621539462419 0
968 0.1808335204548464 0.06856999034089795 0
969 0.1276330394304634 0.01895902816026682 0
970 0.125607325275975 0.01360315032670548 0
971 0.1952024144553557 0.07247865291450908 0
972 0.193135437148036 0.08068519925327974 0
973 0.1944260419599452 0.0855046393314756 0
974 0.2219225852244427 0.08849089760563633 0
975 0.217092001131012 0.08721818808054421 0
976 0.1481099275345816 0.08795320765134981 0
977 0.06328185048054966 0.05555582542488444 0
978 0.2766566226434325 0.009260990506170304 0
979 0.007666179422618047 0.06535518799490561 0
980 0.1166749059031122 0.009103689029393236 0
981 0.2878075744756093 0.05298958996671695 0
982 0.02580162813252003 0.02532180693256918 0
983 0.0315709320185816 0.01104640455703092 0
984 0.02759855481725704 0.01010574195853431 0
985 0.1452140062854962 0.07886575192276192 0
986 0.1221862159139862 0.08956997569747915 0
987 0.1176136414358959 0.08814661623788031 0
988 0.06624639287531195 0.04221483451118441 0
989 0.1282493943469687 0.06649895133998454 0
990 0.0297607033682048 0.08954538314666988 0
991 0.02656718318690345 0.09210601214400935 0
992 0.02302560319852812 0.09019899117462143 0
993 0.1515187318730672 0.08487094515619586 0
994 0.1528883321038693 0.08930968685212259 0
995 0.08475579744022875 0.04081099384008344 0
996 0.2274154060907217 0.009918517555773033 0
997 0.165488830378442 0.01128865854100455 0
998 0.1618058070593777 0.01469168678938832 0
999 0.1688052153364727 0.007595859746714943 0
1000 0.06577126956978209 0.05404265504071727 0
1001 0.07351750606701235 0.09107046837824226 0
1002 0.126714595779731 0.09095106727689725 0
1003 0.1157157571683054 0.06716347305638148 0
1004 0.1038537183112006 0.01027164330870797 0
1005 0.01011005258653092 0.02016183625573363 0
1006 0.129684406474707 0.01074674019729178 0
1007 0.05973391161958209 0.06233529002280595 0
1008 0.2816114214213927 0.01088328604548059 0
1009 0.01626957265156709 0.02752468030457887 0
1010 0.0144973183167765 0.03016185166645141 0
1011 0.01129671503265778 0.03048330256344641 0
1012 0.05669198961647311 0.08189505358459467 0
1013 0.04924387702866413 0.08967515695576433 0
1014 0.05282469686130387 0.09105832548539156 0
1015 0.01391365031758557 0.06958172425729411 0
1016 0.06452671414810118 0.04748669599099536 0
1017 0.03766645642294225 0.07512768914797274 0
1018 0.04295442004000616 0.09132155620988797 0
1019 0.07645885970154506 0.03856536956991687 0
1020 0.08680605014516424 0.01055770291646877 0
1021 0.08320380621778305 0.01451282643310231 0
1022 0.08241745429518989 0.00931356803335686 0
1023 0.07924547691980363 0.01258908480875719 0
1024 0.1214299468006142 0.01031989986507115 0
1025 0.05539491660718965 0.06622294536889979 0
1026 0.0531490828189264 0.06868188029245378 0
1027 0.05049400094679918 0.06711544190521401 0
1028 0.1563189999156104 0.08634223848344147 0
1029 0.1573141339639472 0.09087833865608529 0
1030 0.1616530112793139 0.087674569978553 0
1031 0.2579288495082431 0.08919789407790028 0
1032 0.214212220803954 0.01028503085737859 0
1033 0.2107277747074802 0.01406446393301055 0
1034 0.02301308731071325 0.02486878007697435 0
1035 0.2456423612580274 0.009312797790184353 0
1036 0.2507459307399463 0.01156177846248525 0
1037 0.005004030139693361 0.07680258389434619 0
1038 0.08541877427001393 0.01898916879254012 0
1039 0.1359677202827501 0.06499682373817302 0
1040 0.1408535860272452 0.0661657304377222 0
1041 0.2093773179417826 0.009199601266550311 0
1042 0.2062174831286802 0.01350654258109522 0
1043 0.06811835769273132 0.08477695362478295 0
1044 0.0110065382843704 0.06763737607421628 0
1045 0.009283636734611078 0.02715044307248892 0
1046 0.05016113515273188 0.07011577419239422 0
1047 0.04823262890808586 0.0683870035333248 0
1048 0.0400505956508585 0.09398829133015735 0
1049 0.1607042961840222 0.009070917713561888 0
1050 0.1570161113954644 0.01327697082987048 0
1051 0.1229257890897919 0.01805478716168751 0
1052 0.0375675664097227 0.07252990224791582 0
1053 0.2444659429104445 0.09096545351328145 0
1054 0.2396479816346276 0.08847817901876701 0
1055 0.06139346442688856 0.03447081672502267 0
1056 0.004094727861059411 0.03251121231930568 0
1057 0.007926817265353853 0.0346358076186635 0
1058 0.05035551350730036 0.05867100347507276 0
1059 0.05153549706456839 0.05380282290630842 0
1060 0.05169381926739348 0.04602446007369979 0
1061 0.05180399704169128 0.05121633808103566 0
1062 0.05425136609112902 0.05020973056481565 0
1063 0.004253409257414881 0.05340719486274959 0
1064 0.04580112680219381 0.06537625163843125 0
1065 0.04409619669340369 0.06736335160888492 0
1066 0.0437576486719944 0.07020454660705594 0
1067 0.04942872844589753 0.06140797120031116 0
1068 0.08490756698207851 0.09079626540133426 0
1069 0.05098788320821149 0.04339912803392596 0
1070 0.05263623652572563 0.04152887495122012 0
1071 0.0515175041716591 0.03902566841680872 0
1072 0.04733366783838537 0.03629524186195143 0
1073 0.04809535235225437 0.03378861237888445 0
1074 0.04612986820203104 0.03181462432104332 0
1075 0.04881147174276532 0.03093685024302553 0
1076 0.05081258650246273 0.03309849862054707 0
1077 0.0515085189963847 0.03022012302751102 0
1078 0.05363512869652343 0.03229755845282232 0
1079 0.04673708282444658 0.02910298926718641 0
1080 0.04404105444809442 0.02996634509997015 0
1081 0.04459108913689841 0.02720083379964931 0
1082 0.05298028459843192 0.03509043777507882 0
1083 0.05561082659039986 0.03438654597132372 0
1084 0.04139223453490097 0.02818552512396931 0
1085 0.04251171728826275 0.02519658575753103 0
1086 0.04018306172933875 0.02570231959604536 0
1087 0.03905213483099926 0.07046977178696419 0
1088 0.03649627023365309 0.02901537129827 0
1089 0.02607391533362555 0.07173879199748708 0
1090 0.02707075462143649 0.07412450613000998 0
1091 0.02431741231056367 0.07386798725643641 0
1092 0.02134450717894831 0.07297566825610315 0
1093 0.020997815824604 0.0298808661834485 0
1094 0.02099584394463685 0.07024210750535279 0
1095 0.01896291579257989 0.07173428547368751 0
1096 0.02882201228540604 0.02804005609274192 0
1097 0.03397553992630022 0.02830618073260651 0
1098 0.03283672338500283 0.0258644134506296 0
1099 0.03563896198111585 0.02654752115142774 0
1100 0.034985772836826 0.02380830945870225 0
1101 0.09749254823560144 0.09010082377854164 0
1102 0.1008048773056631 0.08694510216475682 0
1103 0.1017671070282632 0.0914466369450615 0
1104 0.1053330074458098 0.08830912963202336 0
1105 0.03089358446848403 0.02041278150093447 0
1106 0.08660129836919862 0.06331924454878481 0
1107 0.03143400997521228 0.07207559122528405 0
1108 0.06940450642696916 0.08950729512605157 0
1109 0.07053054702370307 0.09404506061901266 0
1110 0.07019216004825032 0.07440514262071624 0
1111 0.04639921771526442 0.0754744876956477 0
1112 0.02833211269887775 0.07883537082469029 0
1113 0.01607403821564321 0.06763745095926957 0
1114 0.02261338097362295 0.09508107714242689 0
1115 0.05712784659843774 0.05082020403635009 0
1116 0.1541129249629742 0.09427491266381452 0
1117 0.007599784790150915 0.02354764169029041 0
1118 0.217983670479812 0.007016355357785234 0
1119 0.1225961960419401 0.09486855058755755 0
1120 0.09407353090968835 0.02058461878799146 0
1121 0.1119239109542938 0.007890210375558065 0
1122 0.05555814198292383 0.08830093844922596 0
1123 0.05712254203926083 0.09245055717719232 0
1124 0.01263860253539179 0.03639821371334506 0
1125 0.01150088067867963 0.03382205788261454 0
1126 0.01272920969384184 0.06354080942563001 0
1127 0.05196996049347398 0.02531738789947762 0
1128 0.07984712555774207 0.06888118946392555 0
1129 0.07979349081771475 0.0643185250736422 0
1130 0.0565357261838289 0.03159468860669256 0
1131 0.2718256941960474 0.007973135863884151 0
1132 0.009875697285558677 0.04094307666365043 0
1133 0.01886888158539618 0.07475052197581292 0
1134 0.06353651388646725 0.03169989220819549 0
1135 0.008048076472761956 0.04594256797697784 0
1136 0.009849816127892569 0.05907060686115834 0
1137 0.008399651530555746 0.03835001838992987 0
1138 0.008338906581322886 0.06157124813687265 0
1139 0.0215109500328424 0.02191210838304569 0
1140 0.07622419050130388 0.06860580312075423 0
1141 0.0414665907850876 0.03109021424570781 0
1142 0.1374962149472792 0.03922298513667741 0
1143 0.1340672861872293 0.04285973038440038 0
1144 0.007540530700179349 0.04859360611886191 0
1145 0.05940333871072709 0.03704952271832101 0
1146 0.007949178522966976 0.05407498942242728 0
1147 0.05494001203716586 0.03716764013189001 0
1148 0.0333611852021632 0.07467353785597619 0
1149 0.054028580462944 0.04708240210617353 0
1150 0.09076929649477956 0.06432997967778376 0
1151 0.1427029645278775 0.009720969420779713 0
1152 0.1474304318919664 0.01117584806360999 0
1153 0.138046836075854 0.008549705895858656 0
1154 0.03016640146432566 0.02578898272021034 0
1155 0.03738857825849902 0.07843837837054631 0
1156 0.2911027935908618 0.0442434210817136 0
1157 0.0812810144237345 0.07334990456822961 0
1158 0.08228574401145991 0.03345962195795828 0
1159 0.05333509951739472 0.05792985427273561 0
1160 0.07145085033583355 0.07830570847488089 0
1161 0.08264936125381445 0.09560075787975181 0
1162 0.08028897580233239 0.09159301289754102 0
1163 0.125130290994593 0.04077290749252981 0
1164 0.1204583943398099 0.03963539818418467 0
1165 0.1555193574063535 0.008562617925791285 0
1166 0.01258434918737653 0.004203315409452776 0
1167 0.01001810161300018 0.008379108837651847 0
1168 0.004685745982602213 0.008075914170092416 0
1169 0.007577256554146733 0.01263432330135199 0
1170 0.01498918083809309 0.008702624326137796 0
1171 0.01256995141387995 0.09576421980879238 0
1172 0.01016001255154556 0.09154854977932533 0
1173 0.004705258250015748 0.09192358863389369 0
1174 0.007809036545911169 0.0873070921583495 0
1175 0.01277990808163404 0.08695367193051498 0
1176 0.01003546140548353 0.08332067378835559 0
1177 0.01477677457098467 0.0915094390286286 0
1178 0.09089772765379694 0.0361708878437218 0
1179 0.0920883482950719 0.04046643210833967 0
1180 0.0963096235815632 0.04167148354014018 0
1181 0.0932144333483447 0.0449184128515495 0
1182 0.08885406446109864 0.04365492799414215 0
1183 0.02784673071924017 0.003812912584056229 0
1184 0.02298051071306068 0.004537673512919026 0
1185 0.03767306555775324 0.004206266159632578 0
1186 0.04252189144673429 0.004193968860844485 0
1187 0.04487577062297937 0.008322387160186885 0
1188 0.04954107251522989 0.008318822180905371 0
1189 0.05206643414381969 0.004421907529433756 0
1190 0.05399581439226971 0.008660912435220054 0
1191 0.05655119816655749 0.004730777409744272 0
1192 0.05823122913981532 0.009193108818552516 0
1193 0.04029413884014725 0.008339466213705439 0
1194 0.03548937578053521 0.008539161035591568 0
1195 0.0556070305393173 0.0132057155226744 0
1196 0.06021806715076147 0.01319526775588858 0
1197 0.06266018685067473 0.009107984725631742 0
1198 0.06465017546606452 0.0136310803417182 0
1199 0.06718844344487546 0.01014789183955027 0
1200 0.0690365354443729 0.01410220644888503 0
1201 0.07151021437913549 0.01058143620080842 0
1202 0.0731330742903783 0.01459552234093026 0
1203 0.06952607885270089 0.006985848204118607 0
1204 0.062057708968005 0.01725665281033797 0
1205 0.07111921316222952 0.01875810743932395 0
1206 0.06662491866569265 0.01778928126342746 0
1207 0.0755460378252788 0.01807552485280901 0
1208 0.0791767108008066 0.0168029560785465 0
1209 0.05290618486099724 0.09563646914565274 0
1210 0.05593600134672647 0.06893837715688376 0
1211 0.09240443240135457 0.00402286982343502 0
1212 0.09236763312679445 0.09583617699074057 0
1213 0.03634851471443497 0.09242822227690278 0
1214 0.08979888322200438 0.01970544635218089 0
1215 0.07375891812292099 0.05139176275078901 0
1216 0.07117078064092955 0.053925353464495 0
1217 0.06629035762185125 0.05966648596741003 0
1218 0.06324771331159063 0.05882402202124205 0
1219 0.08226981883243631 0.004542478225386004 0
1220 0.06830121704095184 0.08076391448591547 0
1221 0.04588749152093743 0.07235582807672841 0
1222 0.1029368786231623 0.005114723842232237 0
1223 0.09755649234847052 0.04605621329668424 0
1224 0.09460227702609107 0.04945792644550237 0
1225 0.04885719921951398 0.03862371474601066 0
1226 0.05034758737264879 0.03616036922840766 0
1227 0.07511235755958123 0.03498340904860077 0
1228 0.07395718096360789 0.04106730570767723 0
1229 0.04537961637320957 0.02408632704298925 0
1230 0.01615598338417454 0.03236608060612467 0
1231 0.0213888832333253 0.02729435115332889 0
1232 0.02616921509658021 0.02801315317563273 0
1233 0.1078725489275245 0.02412717057127788 0
1234 0.1289797135696793 0.02371796966120172 0
1235 0.1848227992933639 0.03406190975392449 0
1236 0.135444077254729 0.04761462000640065 0
1237 0.04363775176290448 0.032630446777486 0
1238 0.15058324638021 0.03855203728494339 0
1239 0.1518666726713653 0.04327446057405347 0
1240 0.1553194317241955 0.03978082651914567 0
1241 0.1587381693374486 0.03616625475445347 0
1242 0.05003415593439312 0.06426891736677288 0
1243 0.09952061773163179 0.0385629631751529 0
1244 0.1124286403549628 0.09577433638763405 0
1245 0.1097010647936284 0.09098051739248567 0
1246 0.0659490076033402 0.09264497040484793 0
1247 0.1444012524697832 0.03230383395142534 0
1248 0.1491852887362358 0.03361773349935909 0
1249 0.1800190201966146 0.03281117107586724 0
1250 0.1268874072287269 0.03196764505381545 0
1251 0.1237401972167436 0.03589976619303707 0
1252 0.1257445385279808 0.02734149933439885 0
1253 0.1582936133029793 0.01819276565583132 0
1254 0.0986816185337642 0.021779913590591 0
1255 0.1896370673915574 0.03534799441261285 0
1256 0.1410632975976134 0.03588831914556002 0
1257 0.1335845601921908 0.02503083102824031 0
1258 0.207433796092622 0.004446729322446101 0
1259 0.1020004116411912 0.04732552343099235 0
1260 0.2022160592117822 0.06553117127284587 0
1261 0.2070434725797113 0.06681059705151578 0
1262 0.199273403076052 0.03792426841679441 0
1263 0.2005780985300859 0.04274762235345518 0
1264 0.2040892122621792 0.03920672671599483 0
1265 0.2075990445536859 0.03566156670945486 0
1266 0.1218620889824801 0.07259002336471918 0
1267 0.1979575007865597 0.0330910016043356 0
1268 0.1499741159412466 0.06911692637850914 0
1269 0.1468435078561399 0.07214538995754191 0
1270 0.1374498869596851 0.09591344055418191 0
1271 0.1423382773871324 0.09566282445389893 0
1272 0.2120392711112237 0.01893589617800207 0
1273 0.1931324032527558 0.03180279578878492 0
1274 0.2382098366446983 0.06618754319861497 0
1275 0.2417367296875247 0.06265374872648263 0
1276 0.113133559206214 0.05867313310647904 0
1277 0.1099173525190871 0.06162740427076277 0
1278 0.1839458079198185 0.04724331010616248 0
1279 0.1502174367295888 0.079779041874889 0
1280 0.2291256153193764 0.03244275449322848 0
1281 0.1677978562925013 0.06945324587063745 0
1282 0.1712830056276691 0.065950408480414 0
1283 0.1664958493631653 0.06468740457565679 0
1284 0.2716338973440241 0.05719171615377885 0
1285 0.2668043727340519 0.05590483826447348 0
1286 0.1630952704204768 0.01948116880710957 0
1287 0.2645741930562996 0.06426918922611355 0
1288 0.2124263026834122 0.03694685670193924 0
1289 0.2838752787209794 0.06927992608191486 0
1290 0.2870142125445464 0.06592285590166466 0
1291 0.2118649422146582 0.06809868113780591 0
1292 0.2773939823255471 0.0452880587497301 0
1293 0.2725633368789478 0.04400254844159251 0
1294 0.207400893181388 0.08478662685805569 0
1295 0.2037708127039596 0.08801299548758768 0
1296 0.2086545449445297 0.08918611003868121 0
1297 0.287559858741858 0.004215426321048141 0
1298 0.2900566805547311 0.00857695669714266 0
1299 0.29540766941112 0.0081351529257754 0
1300 0.292499999999999 0.01299037836019389 0
1301 0.2872987820682135 0.01297194880825575 0
1302 0.2904213968967081 0.01731090082140798 0
1303 0.2928010873183517 0.02211615556008505 0
1304 0.2125000000000001 0.09566987298107785 0
1305 0.2876501483925553 0.09560540709643664 0
1306 0.2626622888221399 0.09530365532974555 0
1307 0.2325000000000001 0.09566987298107782 0
1308 0.2352409550832284 0.09111528054988713 0
1309 0.2356567239577075 0.08659294167494309 0
1310 0.2625507942126964 0.004291397742795598 0
1311 0.26544712029881 0.008256230321563703 0
1312 0.2597780818704617 0.009180666287576453 0
1313 0.2574814444952948 0.004405629489823794 0
1314 0.2543385174522754 0.008342088961407999 0
1315 0.1874999065056392 0.09578413309187964 0
1316 0.1897251392611906 0.09164829779034908 0
1317 0.1949078585133611 0.09058715953987385 0
1318 0.1974760588100287 0.09554872781659574 0
1319 0.2024877318644423 0.09584894377127728 0
1320 0.182500125285822 0.09580306439032371 0
1321 0.1798975976707618 0.09135514075719109 0
1322 0.1749854417289313 0.09150223811859982 0
1323 0.1775003938864243 0.08701558813281951 0
1324 0.1724995676941585 0.09569704215313787 0
1325 0.1700025746021358 0.09153177935391842 0
1326 0.1675399874042655 0.09572783406116844 0
1327 0.1650118225563955 0.0913402488715451 0
1328 0.1675819687579509 0.08678138497030867 0
1329 0.1641454107271744 0.08295224685559885 0
1330 0.2769373213517852 0.004571311874762639 0
1331 0.2375148543060723 0.004297942051089375 0
1332 0.2349283548644489 0.008039306106461461 0
1333 0.2399946463848082 0.008664934074389626 0
1334 0.247700684348881 0.004238259606975617 0
1335 0.2958925258213336 0.03751553627308358 0
1336 0.1974921850527801 0.004331693363312947 0
1337 0.1949977428182961 0.008659972155523984 0
1338 0.1900010104627264 0.008659670646917209 0
1339 0.1923448397042888 0.01319822843585346 0
1340 0.1874554253934759 0.01296408581107255 0
1341 0.1974962109431496 0.01298819271783391 0
1342 0.1849982596947811 0.00865687517251839 0
1343 0.1823877518502152 0.0122903749125987 0
1344 0.1997151975445461 0.01774923753503111 0
1345 0.180063346343487 0.008326444325491414 0
1346 0.1998185109672484 0.00882337815004227 0
1347 0.1825126963406124 0.004274192823267804 0
1348 0.1747110165483086 0.008834584577091124 0
1349 0.252341506085855 0.09583973471924909 0
1350 0.2956573560377623 0.04724915109306488 0
1351 0.2958443456301449 0.07247671094288372 0
1352 0.2956294914426985 0.07750445423435655 0
1353 0.2957392111564175 0.05759553003265955 0
1354 0.295821685318384 0.06251590632415412 0
1355 0.2913398935722322 0.0599999999994663 0
1356 0.2725347908019283 0.09598924359161695 0
1357 0.2706659532867515 0.09155716278780592 0
1358 0.2777012998741116 0.095946854219463 0
1359 0.2424109904850741 0.0958956694546336 0
1360 0.2218989823247681 0.09568893034629705 0
1361 0.1273461688613341 0.003845153175546324 0
1362 0.2272948555336319 0.004606320436560028 0
1363 0.1477787430104519 0.004131537202680322 0
1364 0.2952509221805599 0.02706113836640534 0
1365 0.2956885256876682 0.08750098409272683 0
1366 0.2916050817425543 0.08516381507111992 0
1367 0.2911571061760779 0.09073081768559402 0
1368 0.2102079531973733 0.04530472952650808 0
1369 0.2768313546262844 0.07648878622828911 0
1370 0.2632751198721212 0.05944275698240023 0
1371 0.2619749121121288 0.0546187721993576 0
1372 0.2792147521353968 0.01892874179668627 0
1373 0.2845244545009044 0.05628493143819049 0
1374 0.2216982383262688 0.02151263796257554 0
1375 0.2330169091164528 0.04690243787763712 0
1376 0.2802063482759501 0.09111219123070459 0
1377 0.2755323164174089 0.07166963857757802 0
1378 0.2083374433730842 0.07163138527947167 0
1379 0.2783220156500094 0.03210629442995962 0
1380 0.2673687023537269 0.02471050424177994 0
1381 0.1613406438081969 0.04572058371461887 0
1382 0.2458380586428482 0.02794310443300074 0
1383 0.247132260117229 0.03276597718919383 0
1384 0.2516402449670971 0.01621943845831574 0
1385 0.2539853332012496 0.07488266233618021 0
1386 0.2827872441858088 0.01537628567560387 0
1387 0.2636439926245098 0.0774546486532946 0
1388 0.2597454208896638 0.06298219173536457 0
1389 0.2281930659262441 0.04561740496120736 0
1390 0.2571465753281202 0.05333343454305385 0
1391 0.2348662789644248 0.02056128263469722 0
1392 0.2504610587734641 0.07841784383117871 0
1393 0.2461946300100197 0.04593740307849056 0
1394 0.1474865190131359 0.05957915030737158 0
1395 0.2690333833227385 0.04754248752525595 0
1396 0.2192806880092245 0.07902912138570063 0
1397 0.1782307476370026 0.0590392037377141 0
1398 0.2404385377403387 0.05783081425534054 0
1399 0.2304238439408759 0.03726467491643643 0
1400 0.2803547619895016 0.07292562959423818 0
1401 0.2267014863840495 0.08996871810099141 0
1402 0.2181731982141984 0.0250482879294949 0
1403 0.1635120430551232 0.03741350746158101 0
1404 0.2150261971435313 0.04658306930251736 0
1405 0.2250353951370049 0.06713936471781322 0
1406 0.2497216851294745 0.0424031569352117 0
1407 0.2092797312853364 0.05845648579949192 0
1408 0.2825217494249872 0.06457720588241374 0
1409 0.2224414725736354 0.05750145783788328 0
1410 0.2255979294065665 0.03597765213417698 0
1411 0.2465623031127874 0.06394309728614633 0
1412 0.2552875901099633 0.07970266250011465 0
1413 0.2384471333865463 0.01708573261125661 0
1414 0.2168668423116134 0.02022667487674857 0
1415 0.2084326638001992 0.02247290251018922 0
1416 0.2867112044936274 0.06130112760783658 0
1417 0.2157597774512458 0.08253476403444598 0
1418 0.2073507909567365 0.01794175781471032 0
1419 0.187502132984744 0.004320191856002568 0
1420 0.2452640267398684 0.05911812282706344 0
1421 0.1970640921807144 0.04627509017783279 0
1422 0.2601171567071263 0.08098498317025069 0
1423 0.2430340908302655 0.06747889609020855 0
1424 0.2057529263991416 0.06199024594527823 0
1425 0.260675462092909 0.04979590622818372 0
1426 0.2272636297907229 0.05878794047949286 0
1427 0.2614900071283043 0.08585832986309209 0
1428 0.2122260339632667 0.08605101718659225 0
1429 0.1913323488171829 0.05811666465541053 0
1430 0.2655044150030885 0.05108093526608828 0
1431 0.2317188712053198 0.04208357168404823 0
1432 0.1534763349769147 0.01693419171230626 0
1433 0.1760562580597971 0.01852979603206707 0
1434 0.2285605560155715 0.06360803390502792 0
1435 0.2677333709241665 0.04271947474417027 0
1436 0.1734515095532677 0.05774113649411849 0
1437 0.06877828117049081 0.04011937579332515 0
1438 0.2712615919932269 0.03918147482735233 0
1439 0.235979655544742 0.0745491898944638 0
1440 0.1643951210638707 0.024284708184571 0
1441 0.2760921586320263 0.04046744651289022 0
1442 0.2352461660823956 0.03854834928300249 0
1443 0.166103884162637 0.04695815016215427 0
1444 0.2625665109550869 0.09053818960329633 0
1445 0.2018749010819941 0.0475548741280061 0
1446 0.2298582220943747 0.06842768179333412 0
1447 0.1185300400891856 0.04753639380054502 0
1448 0.2796191139356505 0.03692997473833665 0
1449 0.2387748662284456 0.03501289750802124 0
1450 0.1630063590830705 0.06818279880288015 0
1451 0.2435998918476378 0.03629871732909327 0
1452 0.2844233069641057 0.03818257536259777 0
1453 0.2346838067127873 0.06971769017339992 0
1454 0.1405094933611469 0.07760994609463139 0
1455 0.2890438657786789 0.03916213907139831 0
1456 0.1791503323041259 0.04598094828503228 0
1457 0.1961369849797056 0.05940296249659732 0
1458 0.2484241929638382 0.03758451132003029 0
1459 0.1484063130892826 0.04672284116689102 0
1460 0.2053915993002581 0.04402436635322966 0
1461 0.1604302473484872 0.05868044662332933 0
1462 0.1148371546129254 0.03430562760796806 0
1463 0.154800676473844 0.02174713415518141 0
1464 0.2323700864403608 0.07798492760387636 0
1465 0.2089090731349144 0.04049105341463267 0
1466 0.2519556598906668 0.03404935963266065 0
1467 0.2603099479573505 0.03179595896868972 0
1468 0.2567811389574447 0.03533226755001476 0
1469 0.2590166796411307 0.02697328291657448 0
1470 0.2625439233274959 0.02343363655502371 0
1471 0.1974242536676226 0.06421108393026138 0
1472 0.1939153421827469 0.06770069029814328 0
1473 0.2612385827067454 0.01868560385990561 0
1474 0.1778583078756659 0.04118489536934905 0
1475 0.1346831550633009 0.08882838577315935 0
1476 0.1452528960427132 0.01927007212725823 0
1477 0.1813411884589711 0.03763444151292605 0
1478 0.1344222999455287 0.0121845102614836 0
1479 0.09921584216827208 0.009064905266271149 0
1480 0.1427923776623852 0.05828137847136502 0
1481 0.2599886640036892 0.01404674538542847 0
1482 0.1723905521554867 0.004174542922480186 0
1483 0.1140566761521341 0.0464913160582436 0
1484 0.1290872002929355 0.08291549460830086 0
1485 0.1531307328662007 0.04797301578939706 0
1486 0.1651977642294248 0.05994557362476697 0
1487 0.08984461435587496 0.06011793319620844 0
1488 0.02174689190406093 0.07604025878789036 0
1489 0.09833894395246878 0.07831556316504429 0
1490 0.1085076476896668 0.01163557844079971 0
1491 0.1455632994668018 0.06760874088701589 0
1492 0.004767742579646628 0.05000612066458232 0
1493 0.1087990372687567 0.05730660112792714 0
1494 0.1002029288398532 0.02653271881465808 0
1495 0.2004404086663968 0.09148321860795441 0
1496 0.1255347864173024 0.05782046748903448 0
1497 0.1047022312222267 0.02760262151125222 0
1498 0.1163404525353398 0.08360900521795209 0
1499 0.1170967731740191 0.004432918514724486 0
1500 0.09172552406567772 0.06855107209989274 0
1501 0.156592491579108 0.04449538339722095 0
1502 0.1600522981834963 0.04096137379320819 0
1503 0.1699721470646256 0.06121131082561343 0
1504 0.1072389424188685 0.08081428936183899 0
1505 0.09131218935533156 0.02431419483734218 0
1506 0.1441307773984791 0.06294451871822462 0
1507 0.1752520766603388 0.03159182137109542 0
1508 0.2137186615432854 0.09117460880043302 0
1509 0.1821794188534604 0.07333722736237282 0
1510 0.1301492180310155 0.08750305593586308 0
1511 0.1035742043792838 0.06769499544489294 0
1512 0.1486956078860999 0.01581352006572818 0
1513 0.1822669609761823 0.02448934135950421 0
1514 0.1116163904182403 0.03764622469335659 0
1515 0.01988358149974823 0.008120711541886351 0
1516 0.1809324877410973 0.01982609243630659 0
1517 0.1012938897003677 0.05913332806068751 0
1518 0.1747377914222982 0.06249234151522221 0
1519 0.05442652002245532 0.02958924494181799 0
1520 0.0611706589555029 0.06500837657297007 0
1521 0.08219160582729031 0.05722452470111777 0
1522 0.1301097738992442 0.0590748125495506 0
1523 0.1787387804710419 0.02803459692390632 0
1524 0.06169908615929408 0.09130905449717751 0
1525 0.1760263722645581 0.06726160291912357 0
1526 0.08279201613507987 0.02254854305523656 0
1527 0.05787583871508671 0.01638237016841453 0
1528 0.1521454999114018 0.01232888303615666 0
1529 0.1773102180326375 0.07204446707202605 0
1530 0.06824828244910432 0.02113262823178235 0
1531 0.1173286400044134 0.04309659331747958 0
1532 0.1856280660874345 0.06983090040397244 0
1533 0.05662512258613187 0.04802859252323937 0
1534 0.1130364921450109 0.08694768654920759 0
1535 0.08289090222513987 0.06168012720471915 0
1536 0.1904312230770627 0.07112599280614321 0
1537 0.08285918908673018 0.04697007145024874 0
1538 0.04302625337969242 0.01166451850958518 0
1539 0.1313814831507971 0.06349017948292851 0
1540 0.06966189208526649 0.07038416900166723 0
1541 0.1893204209811213 0.01740930349672482 0
1542 0.08024058616271057 0.08465421647842977 0
1543 0.09076972365932268 0.08004344456731737 0
1544 0.07652932367858602 0.0625834347425666 0
1545 0.191757451292553 0.07592306367684827 0
1546 0.07204343241462829 0.06766520239243679 0
1547 0.07392701588473109 0.03124417761156636 0
1548 0.1965100604496605 0.07723002206928166 0
1549 0.1978236737588745 0.0820002111250091 0
1550 0.05524415919391862 0.04207860263456203 0
1551 0.2913326221202137 0.08028125731890659 0
1552 0.007532360043888547 0.0302814583763082 0
1553 0.05600022702854848 0.07835170659526171 0
1554 0.04960519018717746 0.0278277723842039 0
1555 0.1577543480060881 0.004328273757187119 0
1556 0.0450565405179994 0.08472811300191307 0
1557 0.05776235520556061 0.06431584249682788 0
1558 0.06427089082228646 0.07469807764854088 0
1559 0.1056088551564167 0.06031799068534181 0
1560 0.0607033400472636 0.02127953095353112 0
1561 0.03258786522637254 0.08702897589660519 0
1562 0.06384710508627908 0.04434201483713767 0
1563 0.249708715213831 0.09140647630539167 0
1564 0.1450478844478462 0.09152010390268128 0
1565 0.02514947263128181 0.01293796077312429 0
1566 0.06530601468292398 0.05085002803259555 0
1567 0.1160386965040281 0.03871802244757008 0
1568 0.03199739355458928 0.02332480464117234 0
1569 0.2925386527425463 0.09584550297791949 0
1570 0.04154617295315069 0.07143124491875225 0
1571 0.09013761913711113 0.09176721346055383 0
1572 0.09512423896279185 0.08130078446327879 0
1573 0.007775731183511631 0.07994887047780738 0
1574 0.04885193849844327 0.0151727712364011 0
1575 0.05136434330923778 0.0121440562640358 0
1576 0.1295312576931333 0.04175278885970322 0
1577 0.09437365188315278 0.008212227351069613 0
1578 0.0195645063705561 0.08525647326586003 0
1579 0.01698343720968917 0.08791457310842256 0
1580 0.01810831331544566 0.0115237351791883 0
1581 0.05829952685889037 0.03412078807464322 0
1582 0.1308523150827175 0.04643483726451123 0
1583 0.2682528617499831 0.0119339908521235 0
1584 0.1989934582952576 0.08675172321882178 0
1585 0.1027555481933028 0.09592876193476577 0
1586 0.2912625136983192 0.03089264220257459 0
1587 0.1279548915004534 0.09567467943425122 0
1588 0.01269306504109072 0.0168993474721454 0
1589 0.03604501740167701 0.08823950755338918 0
1590 0.0533960920859049 0.04419988989686785 0
1591 0.02289637184271834 0.08653544149270051 0
1592 0.07405559231563012 0.007274845448821815 0
1593 0.02999260306218987 0.07432301576132802 0
1594 0.09954951838227018 0.08260512712232154 0
1595 0.04816430526756252 0.06594851780599412 0
1596 0.2045053155845396 0.009095525017981616 0
1597 0.1067529796697646 0.06462309277131108 0
1598 0.1369490590788165 0.004144324106303533 0
1599 0.2914953552492543 0.05007308448808689 0
1600 0.02780635866141565 0.09598042930026784 0
1601 0.236709289374466 0.01236734779001355 0
1602 0.04098545179164088 0.02262694820750481 0
1603 0.02385491850915472 0.008861220621609933 0
1604 0.2857350003639108 0.09122676047309281 0
1605 0.1040098832127291 0.08389327574809979 0
1606 0.2913637731032175 0.06521794794356243 0
1607 0.01898478874010651 0.09126515926839124 0
1608 0.2851559172500568 0.008171567764957949 0
1609 0.006915007020128122 0.05880661554144677 0
1610 0.007044871114669948 0.04127616806394097 0
1611 0.2226828382890922 0.008616158478242472 0
1612 0.09047352588624066 0.04836947715431045 0
1613 0.03478539688065435 0.01241127346721978 0
1614 0.003498582327452315 0.02249999999999994 0
1615 0.1148703796011512 0.0915912498098887 0
1616 0.1170533933774396 0.0713847018144016 0
1617 0.1224390788608415 0.0314026105778227 0
1618 0.1192697849659362 0.03510135545915599 0
1619 0.1297269404743196 0.07058318455497084 0
1620 0.07841174808529272 0.008132884395390852 0
1621 0.2554811650555527 0.01279787965759697 0
1622 0.2336825780501834 0.08259054996960744 0
1623 0.08820650701697695 0.03914671841724556 0
1624 0.1820350436151311 0.08659366392275841 0
1625 0.06671730948433989 0.09646442957506718 0
1626 0.05347821270368777 0.08089548481935556 0
1627 0.1245006760336434 0.02275443166188747 0
1628 0.1084023439236582 0.08502999133521379 0
1629 0.08497927352520364 0.04448060301716613 0
1630 0.288114704850888 0.02134510273176774 0
1631 0.003368884362969837 0.08734613615844863 0
1632 0.1849460404755501 0.09186862827136409 0
1633 0.2018049678869638 0.01375855868559132 0
1634 0.2917198812779652 0.05535032230114169 0
1635 0.111102391952653 0.06581735760009642 0
1636 0.03021843965083768 0.007372381808114038 0
1637 0.05742714393898286 0.09674382863486408 0
1638 0.272313459582768 0.003328442504972579 0
1639 0.003315522483841593 0.01255885560166856 0
1640 0.008812333544031575 0.01649565894309681 0
1641 0.06702368470635661 0.07554791687964757 0
1642 0.06678818383914931 0.04559068207631718 0
1643 0.1187264974276016 0.01813513450877453 0
1644 0.1124833564025316 0.07016123800687087 0
1645 0.1581299626954783 0.09603358211289148 0
1646 0.04577941184785264 0.08852100822789449 0
1647 0.1124341449043871 0.003259003761511746 0
1648 0.2873609628639061 0.08346140940890728 0
1649 0.1841408170512632 0.01645665832369078 0
1650 0.2386729784328986 0.08385096998876149 0
1651 0.1251478683796741 0.008104033968336116 0
1652 0.07934081564397158 0.03601671237545954 0
1653 0.2305010785059655 0.09173672008859909 0
1654 0.03679708334195043 0.09640020648657688 0
1655 0.03441340862367345 0.02089759795926114 0
1656 0.219013485124346 0.09163553785605935 0
1657 0.01898508002895413 0.02831427873361003 0
1658 0.08962616668439256 0.007565698618240205 0
1659 0.006198026711728255 0.04413334048796298 0
1660 0.06730754511245954 0.003687186148607323 0
1661 0.006339055494916118 0.05607799517233477 0
1662 0.04346034386248745 0.09622432776859949 0
1663 0.07552569428958711 0.01134797540085222 0
1664 0.1674229469773817 0.003632282568641683 0
1665 0.05419914812272759 0.03949987192109863 0
1666 0.2318134430565795 0.01128386666926189 0
1667 0.01053477896675284 0.06423921081938079 0
1668 0.1503792540582844 0.008068169320727007 0
1669 0.01166491893537339 0.01211533927447701 0
1670 0.07215378511592056 0.003628899853962815 0
1671 0.06098094710214112 0.05743463949129334 0
1672 0.04710786890787769 0.01172171338176591 0
1673 0.1202900544898554 0.06844278222720651 0
1674 0.1791505541542344 0.01531149238081076 0
1675 0.2921550678020163 0.03556780404882834 0
1676 0.1595826255935461 0.08316525954365611 0
1677 0.05336726631219771 0.05493227849528187 0
1678 0.0103176201137426 0.03635937915954403 0
1679 0.08365282346661002 0.03731418502756088 0
1680 0.2550095869268497 0.09215765283548888 0
1681 0.1311026015315119 0.09186638766176866 0
1682 0.1726770810093471 0.08770173261332903 0
1683 0.0541547225086695 0.08458924455387616 0
1684 0.0460251593781409 0.06928707015710731 0
1685 0.1250216464079597 0.06958731514839528 0
1686 0.1497303344498105 0.09239150163356294 0
1687 0.2966506352709231 0.01249999999999995 0
1688 0.03761470044102572 0.02468106265213004 0
1689 0.2054755621691609 0.09223214570918356 0
1690 0.2713929135549187 0.08722931343974952 0
1691 0.02831874090196483 0.07624898617759931 0
1692 0.03289994808644278 0.09098959589812297 0
1693 0.05771968065757006 0.08578190965374669 0
1694 0.02418238195690667 0.02690108097745753 0
1695 0.2967293475054423 0.02241135365837348 0
1696 0.1213197739202939 0.02684801128351169 0
1697 0.01652190369636547 0.07067278549042885 0
1698 0.1056840109498592 0.09229226864301357 0
1699 0.1328438053247365 0.06754179121043863 0
1700 0.1332826627320507 0.00794881758011233 0
1701 0.06898408176326135 0.04357369880932445 0
1702 0.06542964383618471 0.05689935321976507 0
1703 0.02999618884410893 0.09297332492079166 0
1704 0.09425670041719894 0.09231758843715995 0
1705 0.03637347773581336 0.07076292316341889 0
1706 0.006633677957452677 0.02019806426266054 0
1707 0.03840724178612903 0.02747892301684709 0
1708 0.04655568465090437 0.09251980720545763 0
1709 0.07372514787355447 0.09637721243567143 0
1710 0.05702900602886757 0.02892805297884759 0
1711 0.008953615452286762 0.0769796490003173 0
1712 0.04701166949315957 0.02656432117515312 0
1713 0.04356455897737184 0.07217878022663296 0
1714 0.01333389687860587 0.0826224352383525 0
1715 0.05201526078852071 0.06023109286760692 0
1716 0.06764743028007567 0.04912066929900108 0
1717 0.1189501872496844 0.09198617199085388 0
1718 0.1422162640357983 0.07040147017138162 0
1719 0.1375814742496442 0.06889385515051166 0
1720 0.1680658237529429 0.08223118179629615 0
1721 0.2926110249283262 0.0699999999999997 0
1722 0.2880201997127797 0.087501402758035 0
1723 0.03560375145854563 0.07343591585159323 0
1724 0.009564193255144959 0.03230565661025817 0
1725 0.0498846871055347 0.09302539996852364 0
1726 0.003660254037844285 0.0963397459621558 0
1727 0.003660254037844146 0.003660254037844098 0
1728 0.2963397459621555 0.09633974596215564 0
1729 0.2963397459621557 0.003660254037844181 0
1730 0.1540027476240204 0.07827492086052015 0
1731 0.1070380999192165 0.007857068115030397 0
1732 0.191163904379801 0.08782122279959675 0
1733 0.1649638398308672 0.007292811188938972 0
1734 0.06579575628957854 0.006940962306316349 0
1735 0.1215808224029285 0.01433422661186535 0
1736 0.02029094147231966 0.08823412766199916 0
1737 0.1612518772684499 0.09205235072594614 0
1738 0.06836246247041181 0.05250678361662337 0
1739 0.04788479243573829 0.07078335371012626 0
1740 0.2884054510078857 0.05755536662549016 0
1741 0.1350630663863399 0.09274627536095933 0
1742 0.2661783621835127 0.09209506435776645 0
1743 0.1435137173544268 0.07466818371297772 0
1744 0.08145331712410894 0.08819344085205477 0
1745 0.06555082251132796 0.08183916154903113 0
1746 0.2863095546790007 0.01719427571658039 0
1747 0.01686353413302163 0.02989197666448029 0
1748 0.05258748035146618 0.0278998941383472 0
1749 0.07702205883743163 0.09219096602700308 0
1750 0.239925088787079 0.09264450404373445 0
1751 0.07443221976849004 0.02147511528074999 0
1752 0.08527346829647148 0.007114360994687555 0
1753 0.2235082520164877 0.09207991717865749 0
1754 0.1476285869168888 0.07596854922072029 0
1755 0.05704575898296779 0.03642083670180928 0
1756 0.01347832331361637 0.03233384723537125 0
1757 0.07652539882517088 0.01468221269637904 0
1758 0.04320209037965317 0.02313439588953916 0
1759 0.1458998764942681 0.007635750657541934 0
1760 0.06123157296054185 0.06016391029900148 0
1761 0.2800000000000002 0.007114917104591272 0
1762 0.1548578563532452 0.08214583296669975 0
1763 0.2501974569349362 0.007551266909376401 0
1764 0.01355988267048017 0.06725562078797052 0
1765 0.05874865748893501 0.08933730436068479 0
1766 0.2305347550186053 0.007501595195861938 0
1767 0.08180595035023677 0.01909543932928831 0
1768 0.1617748821307128 0.08000213008031609 0
1769 0.1511214804521551 0.09646576161310938 0
1770 0.2035515709843702 0.01732513513386922 0
1771 0.1753388927086895 0.08402202291527644 0
1772 0.03547312569659025 0.07589106698689653 0
1773 0.2929466860454863 0.04000000000000019 0
1774 0.2631931269400325 0.01178075097991905 0
1775 0.2595988196998089 0.09263210824179066 0
1776 0.1199549261790485 0.006965925123412653 0
1777 0.04646388340987737 0.06727243894874847 0
1778 0.02798752754777287 0.02606202820318049 0
1779 0.01685654526801339 0.07322633588839331 0
1780 0.05202399354559095 0.07168127169683633 0
1781 0.1779640543645185 0.01167950899836115 0
1782 0.04166273018930618 0.01454740953195331 0
1783 0.1985034713469772 0.02141654023238857 0
1784 0.2175252372005465 0.002968028403466709 0
1785 0.2098879968498862 0.09297376876196797 0
1786 0.05313838425281457 0.0527523011158326 0
1787 0.07127095189190398 0.0415168773718991 0
1788 0.05952074494355984 0.01869748697068817 0
1789 0.06001813154408622 0.005671055439896731 0
1790 0.05510502004509828 0.01704080335349279 0
1791 0.06764080543104144 0.02391756709938664 0
1792 0.05283651692583392 0.03720041079957245 0
1793 0.2751327770256731 0.09291811403810221 0
1794 0.07703155735166892 0.06588304437123244 0
1795 0.05763197132040203 0.07045616190383938 0
1796 0.02648192493845002 0.006990451230883828 0
1797 0.0124312656619314 0.06571110778741726 0
1798 0.1295051629099462 0.00692021678642931 0
1799 0.06851303918287473 0.07780463976986307 0
$EndNodes
$Elements
3598
1 1 2 11 1 1 9
2 1 2 11 1 9 10
3 1 2 11 1 10 11
4 1 2 11 1 11 12
5 1 2 11 1 12 13
6 1 2 11 1 13 14
7 1 2 11 1 14 15
8 1 2 11 1 15 16
9 1 2 11 1 16 17
10 1 2 11 1 17 18
11 1 2 11 1 18 19
12 1 2 11 1 19 20
13 1 2 11 1 20 21
14 1 2 11 1 21 22
15 1 2 11 1 22 23
16 1 2 11 1 23 24
17 1 2 11 1 24 25
18 1 2 11 1 25 26
19 1 2 11 1 26 27
20 1 2 11 1 27 28
21 1 2 11 1 28 29
22 1 2 11 1 29 30
23 1 2 11 1 30 31
24 1 2 11 1 31 32
25 1 2 11 1 32 33
26 1 2 11 1 33 34
27 1 2 11 1 34 35
28 1 2 11 1 35 36
29 1 2 11 1 36 37
30 1 2 11 1 37 38
31 1 2 11 1 38 39
32 1 2 11 1 39 40
33 1 2 11 1 40 41
34 1 2 11 1 41 42
35 1 2 11 1 42 43
36 1 2 11 1 43 44
37 1 2 11 1 44 45
38 1 2 11 1 45 46
39 1 2 11 1 46 47
40 1 2 11 1 47 48
41 1 2 11 1 48 49
42 1 2 11 1 49 50
43 1 2 11 1 50 51
44 1 2 11 1 51 52
45 1 2 11 1 52 53
46 1 2 11 1 53 54
47 1 2 11 1 54 55
48 1 2 11 1 55 56
49 1 2 11 1 56 57
50 1 2 11 1 57 58
51 1 2 11 1 58 59
52 1 2 11 1 59 60
53 1 2 11 1 60 61
54 1 2 11 1 61 62
55 1 2 11 1 62 63
56 1 2 11 1 63 64
57 1 2 11 1 64 65
58 1 2 11 1 65 66
59 1 2 11 1 66 67
60 1 2 11 1 67 2
61 1 2 12 2 3 68
62 1 2 12 2 68 69
63 1 2 12 2 69 70
64 1 2 12 2 70 71
65 1 2 12 2 71 72
66 1 2 12 2 72 73
67 1 2 12 2 73 74
68 1 2 12 2 74 75
69 1 2 12 2 75 76
70 1 2 12 2 76 77
71 1 2 12 2 77 78
72 1 2 12 2 78 79
73 1 2 12 2 79 80
74 1 2 12 2 80 81
75 1 2 12 2 81 82
76 1 2 12 2 82 83
77 1 2 12 2 83 84
78 1 2 12 2 84 85
79 1 2 12 2 85 86
80 1 2 12 2 86 2
81 1 2 11 3 3 87
82 1 2 11 3 87 88
83 1 2 11 3 88 89
84 1 2 11 3 89 90
85 1 2 11 3 90 91
86 1 2 11 3 91 92
87 1 2 11 3 92 93
88 1 2 11 3 93 94
89 1 2 11 3 94 95
90 1 2 11 3 95 96
91 1 2 11 3 96 97
92 1 2 11 3 97 98
93 1 2 11 3 98 99
94 1 2 11 3 99 100
95 1 2 11 3 100 101
96 1 2 11 3 101 102
97 1 2 11 3 102 103
98 1 2 11 3 103 104
99 1 2 11 3 104 105
100 1 2 11 3 105 106
101 1 2 11 3 106 107
102 1 2 11 3 107 108
103 1 2 11 3 108 109
104 1 2 11 3 109 110
105 1 2 11 3 110 111
106 1 2 11 3 111 112
107 1 2 11 3 112 113
108 1 2 11 3 113 114
109 1 2 11 3 114 115
110 1 2 11 3 115 116
111 1 2 11 3 116 117
112 1 2 11 3 117 118
113 1 2 11 3 118 119
114 1 2 11 3 119 120
115 1 2 11 3 120 121
116 1 2 11 3 121 122
117 1 2 11 3 122 123
118 1 2 11 3 123 124
119 1 2 11 3 124 125
120 1 2 11 3 125 126
121 1 2 11 3 126 127
122 1 2 11 3 127 128
123 1 2 11 3 128 129
124 1 2 11 3 129 130
125 1 2 11 3 130 131
126 1 2 11 3 131 132
127 1 2 11 3 132 133
128 1 2 11 3 133 134
129 1 2 11 3 134 135
130 1 2 11 3 135 136
131 1 2 11 3 136 137
132 1 2 11 3 137 138
133 1 2 11 3 138 139
134 1 2 11 3 139 140
135 1 2 11 3 140 141
136 1 2 11 3 141 142
137 1 2 11 3 142 143
138 1 2 11 3 143 144
139 1 2 11 3 144 145
140 1 2 11 3 145 4
141 1 2 12 4 4 146
142 1 2 12 4 146 147
143 1 2 12 4 147 148
144 1 2 12 4 148 149
145 1 2 12 4 149 150
146 1 2 12 4 150 151
147 1 2 12 4 151 152
148 1 2 12 4 152 153
149 1 2 12 4 153 154
150 1 2 12 4 154 155
151 1 2 12 4 155 156
152 1 2 12 4 156 157
153 1 2 12 4 157 158
154 1 2 12 4 158 159
155 1 2 12 4 159 160
156 1 2 12 4 160 161
157 1 2 12 4 161 162
158 1 2 12 4 162 163
159 1 2 12 4 163 164
160 1 2 12 4 164 1
161 1 2 13 5 7 165
162 1 2 13 5 165 166
163 1 2 13 5 166 167
164 1 2 13 5 167 168
165 1 2 13 5 168 169
166 1 2 13 5 169 170
167 1 2 13 5 170 171
168 1 2 13 5 171 172
169 1 2 13 5 172 173
170 1 2 13 5 173 174
171 1 2 13 5 174 175
172 1 2 13 5 175 176
173 1 2 13 5 176 5
174 1 2 13 6 5 177
175 1 2 13 6 177 178
176 1 2 13 6 178 179
177 1 2 13 6 179 180
178 1 2 13 6 180 181
179 1 2 13 6 181 182
180 1 2 13 6 182 183
181 1 2 13 6 183 184
182 1 2 13 6 184 185
183 1 2 13 6 185 186
184 1 2 13 6 186 187
185 1 2 13 6 187 188
186 1 2 13 6 188 8
187 1 2 13 7 8 189
188 1 2 13 7 189 190
189 1 2 13 7 190 191
190 1 2 13 7 191 192
191 1 2 13 7 192 193
192 1 2 13 7 193 194
193 1 2 13 7 194 195
194 1 2 13 7 195 196
195 1 2 13 7 196 197
196 1 2 13 7 197 198
197 1 2 13 7 198 199
198 1 2 13 7 199 200
199 1 2 13 7 200 6
200 1 2 13 8 6 201
201 1 2 13 8 201 202
202 1 2 13 8 202 203
203 1 2 13 8 203 204
204 1 2 13 8 204 205
205 1 2 13 8 205 206
206 1 2 13 8 206 207
207 1 2 13 8 207 208
208 1 2 13 8 208 209
209 1 2 13 8 209 210
210 1 2 13 8 210 211
211 1 2 13 8 211 212
212 1 2 13 8 212 7
213 2 2 3 1 1123 1524 245
214 2 2 3 1 1355 1606 1416
215 2 2 3 1 265 1176 1174
216 2 2 3 1 903 1535 1521
217 2 2 3 1 1416 1606 1290
218 2 2 3 1 149 1037 265
219 2 2 3 1 1090 1691 831
220 2 2 3 1 913 1139 1034
221 2 2 3 1 257 1607 1114
222 2 2 3 1 1131 1311 238
223 2 2 3 1 1367 1569 1305
224 2 2 3 1 257 1114 142
225 2 2 3 1 1204 1206 597
226 2 2 3 1 1056 1057 293
227 2 2 3 1 828 1309 1308
228 2 2 3 1 288 1146 1063
229 2 2 3 1 1000 1738 465
230 2 2 3 1 1305 1604 1367
231 2 2 3 1 245 1637 1123
232 2 2 3 1 831 1091 1090
233 2 2 3 1 294 1138 979
234 2 2 3 1 758 1043 888
235 2 2 3 1 1044 1764 1015
236 2 2 3 1 1339 1341 730
237 2 2 3 1 1245 1628 1534
238 2 2 3 1 1131 1583 1311
239 2 2 3 1 1181 1612 1182
240 2 2 3 1 216 1159 1058
241 2 2 3 1 1308 1653 828
242 2 2 3 1 1024 1651 970
243 2 2 3 1 1376 1604 267
244 2 2 3 1 1148 1593 1107
245 2 2 3 1 996 1611 1362
246 2 2 3 1 1104 1628 1245
247 2 2 3 1 1341 1344 730
248 2 2 3 1 1129 1544 583
249 2 2 3 1 298 299 285
250 2 2 3 1 1596 1633 1346
251 2 2 3 1 999 1348 861
252 2 2 3 1 225 1119 122
253 2 2 3 1 745 1139 913
254 2 2 3 1 1351 1352 902
255 2 2 3 1 1049 1555 224
256 2 2 3 1 1481 1621 1312
257 2 2 3 1 1032 1041 227
258 2 2 3 1 583 1535 1129
259 2 2 3 1 1131 1330 978
260 2 2 3 1 1034 1231 913
261 2 2 3 1 906 1227 1019
262 2 2 3 1 1121 1499 980
263 2 2 3 1 270 1161 1068
264 2 2 3 1 1019 1228 906
265 2 2 3 1 465 1702 1000
266 2 2 3 1 1362 1611 275
267 2 2 3 1 597 1560 1204
268 2 2 3 1 1303 1364 917
269 2 2 3 1 1131 1638 1330
270 2 2 3 1 1021 1767 1208
271 2 2 3 1 970 1651 1006
272 2 2 3 1 227 1118 1032
273 2 2 3 1 483 1210 1025
274 2 2 3 1 334 1780 1026
275 2 2 3 1 983 1636 1194
276 2 2 3 1 1182 1612 360
277 2 2 3 1 1004 1479 1222
278 2 2 3 1 1121 1647 1499
279 2 2 3 1 1312 1621 1314
280 2 2 3 1 304 1133 307
281 2 2 3 1 1624 1632 1321
282 2 2 3 1 250 1148 1107
283 2 2 3 1 304 1779 1133
284 2 2 3 1 1538 1672 789
285 2 2 3 1 122 1119 121
286 2 2 3 1 1101 1103 214
287 2 2 3 1 1084 1141 247
288 2 2 3 1 147 1173 146
289 2 2 3 1 1106 1535 903
290 2 2 3 1 1159 1715 1058
291 2 2 3 1 20 1789 1191
292 2 2 3 1 478 1520 1007
293 2 2 3 1 540 1530 1205
294 2 2 3 1 931 1546 1140
295 2 2 3 1 150 1037 149
296 2 2 3 1 1038 1767 1021
297 2 2 3 1 164 1168 163
298 2 2 3 1 265 1573 1176
299 2 2 3 1 483 1557 1520
300 2 2 3 1 1205 1751 540
301 2 2 3 1 1052 1087 912
302 2 2 3 1 1135 1144 296
303 2 2 3 1 1105 1655 1568
304 2 2 3 1 1042 1633 1596
305 2 2 3 1 247 1707 1084
306 2 2 3 1 1030 1329 1328
307 2 2 3 1 1030 1328 1327
308 2 2 3 1 1301 1386 1008
309 2 2 3 1 1025 1557 483
310 2 2 3 1 1187 1672 1538
311 2 2 3 1 142 1114 141
312 2 2 3 1 1086 1688 1602
313 2 2 3 1 343 1540 341
314 2 2 3 1 1035 1333 273
315 2 2 3 1 1067 1715 949
316 2 2 3 1 1026 1210 334
317 2 2 3 1 582 1526 1038
318 2 2 3 1 1123 1209 1014
319 2 2 3 1 902 1721 1351
320 2 2 3 1 301 1044 1015
321 2 2 3 1 284 1117 1045
322 2 2 3 1 949 1242 1067
323 2 2 3 1 1038 1214 582
324 2 2 3 1 1521 1535 583
325 2 2 3 1 294 979 298
326 2 2 3 1 973 1584 1317
327 2 2 3 1 1161 1162 1068
328 2 2 3 1 1194 1636 262
329 2 2 3 1 1057 1137 293
330 2 2 3 1 784 1632 1624
331 2 2 3 1 1520 1557 1007
332 2 2 3 1 158 1056 293
333 2 2 3 1 20 1191 19
334 2 2 3 1 1037 1573 265
335 2 2 3 1 831 1488 1091
336 2 2 3 1 1058 1715 1067
337 2 2 3 1 1043 1108 888
338 2 2 3 1 1123 1637 1209
339 2 2 3 1 231 1634 1599
340 2 2 3 1 1568 1655 1100
341 2 2 3 1 914 1271 1270
342 2 2 3 1 362 1224 365
343 2 2 3 1 1290 1606 967
344 2 2 3 1 831 1691 1112
345 2 2 3 1 155 1492 1063
346 2 2 3 1 1137 1610 293
347 2 2 3 1 294 1609 1138
348 2 2 3 1 1140 1546 439
349 2 2 3 1 222 1359 1053
350 2 2 3 1 1606 1721 967
351 2 2 3 1 1007 1760 478
352 2 2 3 1 1165 1555 1049
353 2 2 3 1 728 1194 1193
354 2 2 3 1 758 1745 1043
355 2 2 3 1 754 1669 1170
356 2 2 3 1 1008 1608 1301
357 2 2 3 1 151 298 285
358 2 2 3 1 837 1221 1111
359 2 2 3 1 273 1334 1035
360 2 2 3 1 1667 1797 1044
361 2 2 3 1 1173 1726 146
362 2 2 3 1 1170 1580 754
363 2 2 3 1 1153 1700 1598
364 2 2 3 1 1303 1695 1364
365 2 2 3 1 365 1224 1223
366 2 2 3 1 296 1492 155
367 2 2 3 1 164 1727 1168
368 2 2 3 1 1151 1153 228
369 2 2 3 1 1516 1674 1649
370 2 2 3 1 1026 1780 1046
371 2 2 3 1 1222 1731 1004
372 2 2 3 1 1114 1607 992
373 2 2 3 1 169 1065 244
374 2 2 3 1 1103 1585 214
375 2 2 3 1 298 979 299
376 2 2 3 1 58 1334 57
377 2 2 3 1 1076 1226 1073
378 2 2 3 1 999 1482 1348
379 2 2 3 1 1598 1700 279
380 2 2 3 1 1109 1709 132
381 2 2 3 1 550 1134 1055
382 2 2 3 1 979 1044 299
383 2 2 3 1 734 1228 736
384 2 2 3 1 132 1625 1109
385 2 2 3 1 246 1789 20
386 2 2 3 1 1251 1618 1617
387 2 2 3 1 1048 1662 138
388 2 2 3 1 1623 1679 713
389 2 2 3 1 85 1299 86
390 2 2 3 1 293 1610 295
391 2 2 3 1 297 1609 294
392 2 2 3 1 812 1533 883
393 2 2 3 1 737 1739 1046
394 2 2 3 1 465 1738 1216
395 2 2 3 1 1001 1749 1709
396 2 2 3 1 1552 1724 1057
397 2 2 3 1 1617 1618 651
398 2 2 3 1 295 296 156
399 2 2 3 1 1046 1780 737
400 2 2 3 1 963 1650 1622
401 2 2 3 1 1304 1508 278
402 2 2 3 1 1222 1479 215
403 2 2 3 1 299 1044 301
404 2 2 3 1 804 1134 545
405 2 2 3 1 267 1604 1305
406 2 2 3 1 609 1229 612
407 2 2 3 1 1100 1655 778
408 2 2 3 1 837 1111 326
409 2 2 3 1 1317 1584 1495
410 2 2 3 1 861 1348 862
411 2 2 3 1 277 1350 1156
412 2 2 3 1 1045 1552 284
413 2 2 3 1 903 1487 1106
414 2 2 3 1 1185 1194 262
415 2 2 3 1 831 1112 311
416 2 2 3 1 1223 1259 365
417 2 2 3 1 863 1666 1601
418 2 2 3 1 1021 1208 1023
419 2 2 3 1 608 1644 1616
420 2 2 3 1 1056 1552 1057
421 2 2 3 1 995 1623 1182
422 2 2 3 1 1640 1669 1588
423 2 2 3 1 883 1533 1149
424 2 2 3 1 138 1654 1048
425 2 2 3 1 465 1216 348
426 2 2 3 1 995 1679 1623
427 2 2 3 1 359 1224 362
428 2 2 3 1 970 1735 1024
429 2 2 3 1 1252 1696 1627
430 2 2 3 1 837 1713 1221
431 2 2 3 1 1091 1488 1092
432 2 2 3 1 844 1576 845
433 2 2 3 1 1599 1634 981
434 2 2 3 1 1009 1010 900
435 2 2 3 1 1182 1629 995
436 2 2 3 1 1120 1505 1214
437 2 2 3 1 944 1786 1062
438 2 2 3 1 1176 1573 305
439 2 2 3 1 1138 1667 979
440 2 2 3 1 284 1614 1117
441 2 2 3 1 1214 1505 582
442 2 2 3 1 293 295 157
443 2 2 3 1 153 297 294
444 2 2 3 1 721 1139 745
445 2 2 3 1 1164 1251 1163
446 2 2 3 1 1067 1242 233
447 2 2 3 1 1229 1758 612
448 2 2 3 1 1163 1251 845
449 2 2 3 1 1174 1631 265
450 2 2 3 1 348 1216 350
451 2 2 3 1 1055 1581 550
452 2 2 3 1 979 1667 1044
453 2 2 3 1 1169 1640 266
454 2 2 3 1 1175 1714 314
455 2 2 3 1 1508 1656 278
456 2 2 3 1 1140 1794 1128
457 2 2 3 1 1649 1674 1343
458 2 2 3 1 730 1541 1339
459 2 2 3 1 1063 1492 288
460 2 2 3 1 1062 1115 944
461 2 2 3 1 1153 1598 228
462 2 2 3 1 1001 1709 1109
463 2 2 3 1 1022 1620 1219
464 2 2 3 1 19 1191 1189
465 2 2 3 1 908 1604 1376
466 2 2 3 1 341 1540 459
467 2 2 3 1 1092 1095 1094
468 2 2 3 1 1128 1794 1129
469 2 2 3 1 1602 1688 778
470 2 2 3 1 1080 1141 1084
471 2 2 3 1 1001 1108 760
472 2 2 3 1 1032 1118 925
473 2 2 3 1 760 1108 1043
474 2 2 3 1 937 1593 1148
475 2 2 3 1 1082 1226 1076
476 2 2 3 1 268 1302 1300
477 2 2 3 1 1219 1620 234
478 2 2 3 1 1227 1652 1019
479 2 2 3 1 802 1228 734
480 2 2 3 1 266 1639 1169
481 2 2 3 1 890 1155 319
482 2 2 3 1 1055 1134 804
483 2 2 3 1 778 1688 1100
484 2 2 3 1 755 1155 1017
485 2 2 3 1 1066 1684 1221
486 2 2 3 1 1358 1793 1376
487 2 2 3 1 12 1184 258
488 2 2 3 1 382 1236 385
489 2 2 3 1 1065 1066 244
490 2 2 3 1 156 296 155
491 2 2 3 1 788 1009 900
492 2 2 3 1 718 1105 909
493 2 2 3 1 816 1115 814
494 2 2 3 1 585 1150 443
495 2 2 3 1 318 1112 937
496 2 2 3 1 299 300 285
497 2 2 3 1 1299 1729 86
498 2 2 3 1 1053 1563 222
499 2 2 3 1 1118 1611 925
500 2 2 3 1 1206 1530 597
501 2 2 3 1 299 301 300
502 2 2 3 1 256 1187 1186
503 2 2 3 1 1627 1696 657
504 2 2 3 1 1058 1067 173
505 2 2 3 1 19 1189 18
506 2 2 3 1 176 1061 1059
507 2 2 3 1 914 1564 1271
508 2 2 3 1 1622 1650 1309
509 2 2 3 1 1352 1551 902
510 2 2 3 1 232 1162 1161
511 2 2 3 1 154 1063 297
512 2 2 3 1 294 298 152
513 2 2 3 1 1062 1786 1061
514 2 2 3 1 268 1303 1302
515 2 2 3 1 301 1015 303
516 2 2 3 1 1550 1590 1070
517 2 2 3 1 1175 1177 1172
518 2 2 3 1 361 1487 358
519 2 2 3 1 845 1576 1163
520 2 2 3 1 1357 1690 881
521 2 2 3 1 595 1127 596
522 2 2 3 1 229 1334 58
523 2 2 3 1 57 1334 273
524 2 2 3 1 829 1143 1142
525 2 2 3 1 545 1134 543
526 2 2 3 1 833 1140 1128
527 2 2 3 1 178 1069 1060
528 2 2 3 1 1073 1226 1072
529 2 2 3 1 285 1037 150
530 2 2 3 1 745 913 788
531 2 2 3 1 1616 1644 1003
532 2 2 3 1 829 1142 830
533 2 2 3 1 1041 1258 227
534 2 2 3 1 1079 1554 1075
535 2 2 3 1 284 1056 159
536 2 2 3 1 1087 1570 912
537 2 2 3 1 660 1575 1195
538 2 2 3 1 811 1145 808
539 2 2 3 1 155 1063 154
540 2 2 3 1 560 1730 1279
541 2 2 3 1 913 1009 788
542 2 2 3 1 1350 1599 1156
543 2 2 3 1 1084 1707 1086
544 2 2 3 1 1601 1666 1332
545 2 2 3 1 1092 1133 1095
546 2 2 3 1 881 1793 1357
547 2 2 3 1 817 1547 537
548 2 2 3 1 324 1155 755
549 2 2 3 1 170 1065 169
550 2 2 3 1 295 1659 296
551 2 2 3 1 736 1228 1019
552 2 2 3 1 314 1579 1175
553 2 2 3 1 1716 1738 1566
554 2 2 3 1 1688 1707 1099
555 2 2 3 1 1120 1254 551
556 2 2 3 1 1279 1754 560
557 2 2 3 1 1051 1627 657
558 2 2 3 1 1364 1586 917
559 2 2 3 1 350 1216 1215
560 2 2 3 1 1642 1716 1016
561 2 2 3 1 326 1111 327
562 2 2 3 1 1086 1602 1085
563 2 2 3 1 1070 1590 1069
564 2 2 3 1 909 982 834
565 2 2 3 1 967 1721 902
566 2 2 3 1 1072 1225 181
567 2 2 3 1 258 1515 1170
568 2 2 3 1 551 1505 1120
569 2 2 3 1 674 1685 1619
570 2 2 3 1 1105 1568 909
571 2 2 3 1 1376 1793 881
572 2 2 3 1 1718 1719 1040
573 2 2 3 1 1193 1194 1185
574 2 2 3 1 912 1570 837
575 2 2 3 1 817 1652 1227
576 2 2 3 1 153 294 152
577 2 2 3 1 158 293 157
578 2 2 3 1 1128 1157 833
579 2 2 3 1 22 1670 1660
580 2 2 3 1 289 1569 1367
581 2 2 3 1 342 1520 478
582 2 2 3 1 1660 1670 1203
583 2 2 3 1 1146 1661 1063
584 2 2 3 1 256 1186 17
585 2 2 3 1 1099 1707 1088
586 2 2 3 1 880 1333 1035
587 2 2 3 1 718 909 834
588 2 2 3 1 657 1643 1051
589 2 2 3 1 1566 1738 1000
590 2 2 3 1 825 1115 816
591 2 2 3 1 890 1772 1155
592 2 2 3 1 459 1540 1110
593 2 2 3 1 654 1624 1323
594 2 2 3 1 1155 1772 1017
595 2 2 3 1 1358 1376 267
596 2 2 3 1 343 1546 1540
597 2 2 3 1 808 1145 806
598 2 2 3 1 318 937 890
599 2 2 3 1 1150 1487 443
600 2 2 3 1 1684 1739 1221
601 2 2 3 1 1052 1705 1087
602 2 2 3 1 755 912 837
603 2 2 3 1 1068 1571 270
604 2 2 3 1 1227 1547 817
605 2 2 3 1 909 1568 1154
606 2 2 3 1 1186 1193 1185
607 2 2 3 1 585 1500 1150
608 2 2 3 1 712 1655 1105
609 2 2 3 1 301 303 302
610 2 2 3 1 15 1185 262
611 2 2 3 1 154 297 153
612 2 2 3 1 157 295 156
613 2 2 3 1 755 837 326
614 2 2 3 1 1588 1669 754
615 2 2 3 1 665 1256 697
616 2 2 3 1 1075 1554 1077
617 2 2 3 1 311 1112 313
618 2 2 3 1 225 1717 1119
619 2 2 3 1 324 755 326
620 2 2 3 1 261 1692 1213
621 2 2 3 1 819 1719 1718
622 2 2 3 1 380 1236 382
623 2 2 3 1 483 1795 1210
624 2 2 3 1 1225 1226 1071
625 2 2 3 1 313 1112 318
626 2 2 3 1 358 1487 903
627 2 2 3 1 309 831 311
628 2 2 3 1 715 1105 718
629 2 2 3 1 1180 1243 836
630 2 2 3 1 151 285 150
631 2 2 3 1 160 284 159
632 2 2 3 1 535 1158 817
633 2 2 3 1 1172 1177 1171
634 2 2 3 1 614 778 650
635 2 2 3 1 712 1105 715
636 2 2 3 1 1224 1612 1181
637 2 2 3 1 836 1259 1223
638 2 2 3 1 275 1611 1118
639 2 2 3 1 1072 1226 1225
640 2 2 3 1 1346 1633 1341
641 2 2 3 1 1195 1575 1190
642 2 2 3 1 604 669 609
643 2 2 3 1 385 1236 829
644 2 2 3 1 669 1229 609
645 2 2 3 1 318 890 319
646 2 2 3 1 1187 1193 1186
647 2 2 3 1 290 1172 1171
648 2 2 3 1 1184 1515 258
649 2 2 3 1 718 834 719
650 2 2 3 1 1071 1792 1665
651 2 2 3 1 939 1494 1254
652 2 2 3 1 1323 1771 654
653 2 2 3 1 1119 1587 121
654 2 2 3 1 1133 1488 307
655 2 2 3 1 478 1218 1217
656 2 2 3 1 1198 1206 1204
657 2 2 3 1 1142 1256 830
658 2 2 3 1 1017 1052 912
659 2 2 3 1 728 1613 1194
660 2 2 3 1 50 1258 49
661 2 2 3 1 1308 1309 1054
662 2 2 3 1 1194 1613 983
663 2 2 3 1 1270 1741 914
664 2 2 3 1 829 1236 1143
665 2 2 3 1 296 1659 1135
666 2 2 3 1 1166 1167 292
667 2 2 3 1 596 1127 604
668 2 2 3 1 307 1488 309
669 2 2 3 1 1080 1237 1141
670 2 2 3 1 1116 1645 115
671 2 2 3 1 269 1647 1121
672 2 2 3 1 1254 1494 551
673 2 2 3 1 1125 1678 1057
674 2 2 3 1 330 737 332
675 2 2 3 1 709 1157 648
676 2 2 3 1 1018 1708 1662
677 2 2 3 1 1166 1170 1167
678 2 2 3 1 284 1552 1056
679 2 2 3 1 478 1217 344
680 2 2 3 1 1540 1546 931
681 2 2 3 1 937 1148 890
682 2 2 3 1 305 1714 1176
683 2 2 3 1 546 550 548
684 2 2 3 1 807 808 806
685 2 2 3 1 809 810 808
686 2 2 3 1 1071 1665 1070
687 2 2 3 1 224 1733 1049
688 2 2 3 1 256 1188 1187
689 2 2 3 1 313 318 316
690 2 2 3 1 812 883 810
691 2 2 3 1 1317 1732 973
692 2 2 3 1 324 326 325
693 2 2 3 1 319 1155 321
694 2 2 3 1 209 1094 253
695 2 2 3 1 745 788 759
696 2 2 3 1 1174 1176 1175
697 2 2 3 1 1193 1538 728
698 2 2 3 1 159 1056 158
699 2 2 3 1 140 1600 261
700 2 2 3 1 1247 1248 934
701 2 2 3 1 715 718 717
702 2 2 3 1 1174 1175 1172
703 2 2 3 1 805 806 804
704 2 2 3 1 129 1161 270
705 2 2 3 1 1089 1091 248
706 2 2 3 1 942 944 825
707 2 2 3 1 269 1731 1222
708 2 2 3 1 1619 1685 989
709 2 2 3 1 350 1215 352
710 2 2 3 1 1106 1487 1150
711 2 2 3 1 587 1500 585
712 2 2 3 1 648 1157 646
713 2 2 3 1 531 1178 713
714 2 2 3 1 160 1614 284
715 2 2 3 1 1515 1580 1170
716 2 2 3 1 1097 1099 1088
717 2 2 3 1 1144 1492 296
718 2 2 3 1 1401 1653 226
719 2 2 3 1 533 1158 535
720 2 2 3 1 806 1145 1055
721 2 2 3 1 1087 1705 167
722 2 2 3 1 1171 1177 257
723 2 2 3 1 1183 1184 13
724 2 2 3 1 321 324 323
725 2 2 3 1 1115 1533 814
726 2 2 3 1 262 1183 14
727 2 2 3 1 152 298 151
728 2 2 3 1 278 1656 1360
729 2 2 3 1 550 1581 1130
730 2 2 3 1 303 1779 304
731 2 2 3 1 271 1219 25
732 2 2 3 1 1207 1751 1205
733 2 2 3 1 16 1186 1185
734 2 2 3 1 1192 1195 1190
735 2 2 3 1 977 1702 1218
736 2 2 3 1 1109 1246 1108
737 2 2 3 1 836 1223 1180
738 2 2 3 1 542 543 541
739 2 2 3 1 443 1487 361
740 2 2 3 1 826 942 825
741 2 2 3 1 944 1115 825
742 2 2 3 1 646 1157 741
743 2 2 3 1 327 1111 330
744 2 2 3 1 18 1189 256
745 2 2 3 1 1130 1710 550
746 2 2 3 1 832 1160 1110
747 2 2 3 1 807 809 808
748 2 2 3 1 321 1155 324
749 2 2 3 1 1359 1750 1053
750 2 2 3 1 258 1170 1166
751 2 2 3 1 805 807 806
752 2 2 3 1 934 1256 1247
753 2 2 3 1 301 302 300
754 2 2 3 1 697 1256 1142
755 2 2 3 1 553 804 545
756 2 2 3 1 1001 1109 1108
757 2 2 3 1 809 812 810
758 2 2 3 1 26 1211 271
759 2 2 3 1 226 1753 1401
760 2 2 3 1 1339 1541 1340
761 2 2 3 1 1176 1714 1175
762 2 2 3 1 270 1212 128
763 2 2 3 1 542 545 543
764 2 2 3 1 735 803 802
765 2 2 3 1 962 1214 1038
766 2 2 3 1 1247 1256 665
767 2 2 3 1 1238 1248 696
768 2 2 3 1 304 307 306
769 2 2 3 1 309 1488 831
770 2 2 3 1 13 1184 12
771 2 2 3 1 814 1533 812
772 2 2 3 1 604 1127 669
773 2 2 3 1 934 1248 1238
774 2 2 3 1 810 811 808
775 2 2 3 1 943 1159 942
776 2 2 3 1 236 1586 1364
777 2 2 3 1 15 262 14
778 2 2 3 1 824 825 816
779 2 2 3 1 140 261 139
780 2 2 3 1 5 1061 176
781 2 2 3 1 833 1157 709
782 2 2 3 1 174 1058 173
783 2 2 3 1 115 1769 1116
784 2 2 3 1 10 1166 292
785 2 2 3 1 290 1171 144
786 2 2 3 1 327 330 329
787 2 2 3 1 143 257 142
788 2 2 3 1 12 258 11
789 2 2 3 1 539 542 541
790 2 2 3 1 1175 1579 1177
791 2 2 3 1 179 1069 178
792 2 2 3 1 18 256 17
793 2 2 3 1 947 1159 943
794 2 2 3 1 710 832 709
795 2 2 3 1 543 1134 546
796 2 2 3 1 16 1185 15
797 2 2 3 1 238 1638 1131
798 2 2 3 1 553 805 804
799 2 2 3 1 788 900 899
800 2 2 3 1 330 332 331
801 2 2 3 1 1149 1590 883
802 2 2 3 1 778 1655 650
803 2 2 3 1 696 1241 1240
804 2 2 3 1 137 255 136
805 2 2 3 1 1015 1697 303
806 2 2 3 1 1043 1745 1220
807 2 2 3 1 171 1064 170
808 2 2 3 1 806 1055 804
809 2 2 3 1 543 546 544
810 2 2 3 1 1091 1092 248
811 2 2 3 1 529 1178 531
812 2 2 3 1 832 1110 931
813 2 2 3 1 539 541 540
814 2 2 3 1 696 1240 1238
815 2 2 3 1 1064 1065 170
816 2 2 3 1 1479 1577 215
817 2 2 3 1 1149 1533 1062
818 2 2 3 1 832 931 833
819 2 2 3 1 604 609 605
820 2 2 3 1 1062 1533 1115
821 2 2 3 1 49 1258 274
822 2 2 3 1 227 1258 50
823 2 2 3 1 535 537 536
824 2 2 3 1 182 1072 181
825 2 2 3 1 338 483 340
826 2 2 3 1 1178 1623 713
827 2 2 3 1 535 817 537
828 2 2 3 1 1143 1576 844
829 2 2 3 1 21 246 20
830 2 2 3 1 537 539 538
831 2 2 3 1 548 595 549
832 2 2 3 1 948 949 947
833 2 2 3 1 352 1215 437
834 2 2 3 1 982 1034 834
835 2 2 3 1 1198 1204 1196
836 2 2 3 1 330 1111 737
837 2 2 3 1 546 548 547
838 2 2 3 1 346 1217 465
839 2 2 3 1 721 745 743
840 2 2 3 1 741 1157 1128
841 2 2 3 1 134 245 133
842 2 2 3 1 258 1166 11
843 2 2 3 1 143 1171 257
844 2 2 3 1 1205 1206 1200
845 2 2 3 1 1192 1196 1195
846 2 2 3 1 1200 1206 1198
847 2 2 3 1 646 741 645
848 2 2 3 1 261 1703 1692
849 2 2 3 1 307 309 308
850 2 2 3 1 946 947 943
851 2 2 3 1 1215 1216 918
852 2 2 3 1 1705 1723 250
853 2 2 3 1 1207 1208 615
854 2 2 3 1 810 1550 811
855 2 2 3 1 755 1017 912
856 2 2 3 1 1128 1129 929
857 2 2 3 1 232 1161 130
858 2 2 3 1 595 1748 1127
859 2 2 3 1 836 1243 517
860 2 2 3 1 332 334 333
861 2 2 3 1 713 1158 533
862 2 2 3 1 609 612 610
863 2 2 3 1 710 1160 832
864 2 2 3 1 1121 1731 269
865 2 2 3 1 735 918 803
866 2 2 3 1 1197 1789 246
867 2 2 3 1 318 319 316
868 2 2 3 1 168 1087 167
869 2 2 3 1 1060 1590 1149
870 2 2 3 1 1231 1657 913
871 2 2 3 1 1047 1595 1027
872 2 2 3 1 437 735 734
873 2 2 3 1 533 535 534
874 2 2 3 1 1236 1582 1143
875 2 2 3 1 28 1222 215
876 2 2 3 1 593 646 645
877 2 2 3 1 342 478 344
878 2 2 3 1 593 645 590
879 2 2 3 1 303 304 302
880 2 2 3 1 24 234 23
881 2 2 3 1 1043 1220 740
882 2 2 3 1 324 325 323
883 2 2 3 1 664 709 648
884 2 2 3 1 612 1602 614
885 2 2 3 1 131 232 130
886 2 2 3 1 942 1677 944
887 2 2 3 1 740 1160 710
888 2 2 3 1 885 1214 962
889 2 2 3 1 936 1690 1357
890 2 2 3 1 1209 1637 135
891 2 2 3 1 366 1259 369
892 2 2 3 1 1069 1590 1060
893 2 2 3 1 699 1243 1180
894 2 2 3 1 344 1217 346
895 2 2 3 1 531 713 533
896 2 2 3 1 741 1128 929
897 2 2 3 1 527 1243 699
898 2 2 3 1 735 1215 918
899 2 2 3 1 719 1139 721
900 2 2 3 1 255 1209 136
901 2 2 3 1 17 1186 16
902 2 2 3 1 699 1178 529
903 2 2 3 1 741 929 821
904 2 2 3 1 1074 1237 1080
905 2 2 3 1 1656 1753 1360
906 2 2 3 1 14 1183 13
907 2 2 3 1 664 710 709
908 2 2 3 1 1202 1205 1200
909 2 2 3 1 1170 1669 1167
910 2 2 3 1 24 1219 234
911 2 2 3 1 531 533 532
912 2 2 3 1 230 1225 1071
913 2 2 3 1 1173 1174 1172
914 2 2 3 1 824 826 825
915 2 2 3 1 826 943 942
916 2 2 3 1 1111 1221 737
917 2 2 3 1 832 833 709
918 2 2 3 1 523 1233 525
919 2 2 3 1 1181 1182 1179
920 2 2 3 1 735 802 734
921 2 2 3 1 1143 1582 1576
922 2 2 3 1 718 719 717
923 2 2 3 1 596 604 603
924 2 2 3 1 1204 1527 1196
925 2 2 3 1 215 1211 27
926 2 2 3 1 26 271 25
927 2 2 3 1 527 699 529
928 2 2 3 1 1534 1615 1245
929 2 2 3 1 127 1212 214
930 2 2 3 1 699 1179 1178
931 2 2 3 1 612 614 613
932 2 2 3 1 210 1094 209
933 2 2 3 1 129 270 128
934 2 2 3 1 1147 1755 811
935 2 2 3 1 546 1134 550
936 2 2 3 1 1129 1535 929
937 2 2 3 1 529 531 530
938 2 2 3 1 162 266 161
939 2 2 3 1 149 265 148
940 2 2 3 1 653 1529 1509
941 2 2 3 1 290 1173 1172
942 2 2 3 1 1570 1713 837
943 2 2 3 1 365 1259 366
944 2 2 3 1 326 327 325
945 2 2 3 1 525 1233 633
946 2 2 3 1 1167 1169 1168
947 2 2 3 1 962 1038 1021
948 2 2 3 1 527 529 528
949 2 2 3 1 614 650 649
950 2 2 3 1 939 1497 1494
951 2 2 3 1 1233 1497 939
952 2 2 3 1 1403 1502 1241
953 2 2 3 1 931 1140 833
954 2 2 3 1 1187 1538 1193
955 2 2 3 1 437 1215 735
956 2 2 3 1 1027 1242 950
957 2 2 3 1 543 544 541
958 2 2 3 1 280 1555 1165
959 2 2 3 1 1120 1214 885
960 2 2 3 1 1234 1257 843
961 2 2 3 1 740 1220 1160
962 2 2 3 1 552 553 545
963 2 2 3 1 330 331 329
964 2 2 3 1 782 1257 1234
965 2 2 3 1 214 1704 1101
966 2 2 3 1 839 1255 938
967 2 2 3 1 842 1254 1120
968 2 2 3 1 1249 1477 672
969 2 2 3 1 1191 1192 1190
970 2 2 3 1 1235 1477 1249
971 2 2 3 1 1092 1094 248
972 2 2 3 1 1255 1273 938
973 2 2 3 1 346 465 348
974 2 2 3 1 647 648 646
975 2 2 3 1 175 1059 216
976 2 2 3 1 1026 1027 950
977 2 2 3 1 537 1547 539
978 2 2 3 1 1167 1168 292
979 2 2 3 1 842 1120 885
980 2 2 3 1 1108 1246 888
981 2 2 3 1 437 734 601
982 2 2 3 1 335 338 337
983 2 2 3 1 1046 1047 1027
984 2 2 3 1 127 214 126
985 2 2 3 1 28 215 27
986 2 2 3 1 237 1237 1074
987 2 2 3 1 130 1161 129
988 2 2 3 1 592 593 590
989 2 2 3 1 741 821 645
990 2 2 3 1 624 1257 782
991 2 2 3 1 939 1254 840
992 2 2 3 1 1110 1641 459
993 2 2 3 1 269 1222 29
994 2 2 3 1 830 1256 934
995 2 2 3 1 843 1252 1234
996 2 2 3 1 1060 1149 213
997 2 2 3 1 1189 1190 1188
998 2 2 3 1 535 536 534
999 2 2 3 1 962 1021 1020
1000 2 2 3 1 650 712 711
1001 2 2 3 1 519 527 521
1002 2 2 3 1 885 962 961
1003 2 2 3 1 27 1211 26
1004 2 2 3 1 128 1212 127
1005 2 2 3 1 515 836 517
1006 2 2 3 1 1010 1011 900
1007 2 2 3 1 1235 1255 872
1008 2 2 3 1 842 885 884
1009 2 2 3 1 332 333 331
1010 2 2 3 1 207 1113 264
1011 2 2 3 1 775 939 840
1012 2 2 3 1 537 538 536
1013 2 2 3 1 1094 1095 253
1014 2 2 3 1 1202 1207 1205
1015 2 2 3 1 533 534 532
1016 2 2 3 1 352 437 354
1017 2 2 3 1 136 1209 135
1018 2 2 3 1 590 1500 587
1019 2 2 3 1 1145 1581 1055
1020 2 2 3 1 938 1273 1267
1021 2 2 3 1 1277 1493 1276
1022 2 2 3 1 369 1259 515
1023 2 2 3 1 1241 1502 1240
1024 2 2 3 1 872 1255 839
1025 2 2 3 1 813 814 812
1026 2 2 3 1 929 1106 821
1027 2 2 3 1 840 842 841
1028 2 2 3 1 272 1245 1244
1029 2 2 3 1 177 1060 213
1030 2 2 3 1 571 1241 696
1031 2 2 3 1 737 1780 332
1032 2 2 3 1 1180 1181 1179
1033 2 2 3 1 872 1477 1235
1034 2 2 3 1 309 311 310
1035 2 2 3 1 1021 1023 1022
1036 2 2 3 1 529 530 528
1037 2 2 3 1 172 1067 233
1038 2 2 3 1 1078 1082 1076
1039 2 2 3 1 568 1241 571
1040 2 2 3 1 517 1243 519
1041 2 2 3 1 123 1244 225
1042 2 2 3 1 360 1629 1182
1043 2 2 3 1 775 840 776
1044 2 2 3 1 913 1657 1009
1045 2 2 3 1 575 1248 1247
1046 2 2 3 1 589 590 587
1047 2 2 3 1 30 269 29
1048 2 2 3 1 633 1233 775
1049 2 2 3 1 539 540 538
1050 2 2 3 1 29 1222 28
1051 2 2 3 1 519 1243 527
1052 2 2 3 1 946 948 947
1053 2 2 3 1 1495 1584 1295
1054 2 2 3 1 125 272 124
1055 2 2 3 1 1262 1267 689
1056 2 2 3 1 373 1276 371
1057 2 2 3 1 527 528 521
1058 2 2 3 1 1253 1463 1432
1059 2 2 3 1 531 532 530
1060 2 2 3 1 1491 1506 698
1061 2 2 3 1 938 1267 1262
1062 2 2 3 1 11 1166 10
1063 2 2 3 1 144 1171 143
1064 2 2 3 1 246 1734 1197
1065 2 2 3 1 689 1265 1264
1066 2 2 3 1 208 1113 207
1067 2 2 3 1 1223 1224 1181
1068 2 2 3 1 1253 1286 636
1069 2 2 3 1 272 1244 124
1070 2 2 3 1 1432 1463 667
1071 2 2 3 1 689 1264 1262
1072 2 2 3 1 1083 1147 1082
1073 2 2 3 1 1114 1600 141
1074 2 2 3 1 372 1447 374
1075 2 2 3 1 633 775 761
1076 2 2 3 1 270 1571 1212
1077 2 2 3 1 1218 1671 977
1078 2 2 3 1 311 313 312
1079 2 2 3 1 568 1403 1241
1080 2 2 3 1 782 1234 969
1081 2 2 3 1 663 664 648
1082 2 2 3 1 932 1277 1276
1083 2 2 3 1 844 845 751
1084 2 2 3 1 25 1219 24
1085 2 2 3 1 577 1247 665
1086 2 2 3 1 697 751 666
1087 2 2 3 1 739 740 710
1088 2 2 3 1 811 1755 1145
1089 2 2 3 1 573 1248 575
1090 2 2 3 1 845 1251 1250
1091 2 2 3 1 712 715 714
1092 2 2 3 1 697 844 751
1093 2 2 3 1 1160 1799 1110
1094 2 2 3 1 840 1254 842
1095 2 2 3 1 665 666 581
1096 2 2 3 1 1300 1687 268
1097 2 2 3 1 665 697 666
1098 2 2 3 1 512 1443 865
1099 2 2 3 1 1281 1450 1283
1100 2 2 3 1 581 1257 624
1101 2 2 3 1 577 665 581
1102 2 2 3 1 1260 1424 1261
1103 2 2 3 1 454 1424 1260
1104 2 2 3 1 821 1500 645
1105 2 2 3 1 971 1472 848
1106 2 2 3 1 448 1276 373
1107 2 2 3 1 575 1247 577
1108 2 2 3 1 577 581 580
1109 2 2 3 1 515 1259 836
1110 2 2 3 1 575 577 576
1111 2 2 3 1 245 1625 133
1112 2 2 3 1 1288 1465 1265
1113 2 2 3 1 798 932 448
1114 2 2 3 1 696 1248 573
1115 2 2 3 1 782 969 783
1116 2 2 3 1 775 1233 939
1117 2 2 3 1 555 1268 698
1118 2 2 3 1 842 884 841
1119 2 2 3 1 969 1051 970
1120 2 2 3 1 745 759 743
1121 2 2 3 1 791 1735 1643
1122 2 2 3 1 571 696 573
1123 2 2 3 1 1283 1450 873
1124 2 2 3 1 947 1715 1159
1125 2 2 3 1 145 290 144
1126 2 2 3 1 10 292 9
1127 2 2 3 1 998 1286 1253
1128 2 2 3 1 636 1463 1253
1129 2 2 3 1 334 335 333
1130 2 2 3 1 573 575 574
1131 2 2 3 1 845 1250 751
1132 2 2 3 1 593 647 646
1133 2 2 3 1 948 950 949
1134 2 2 3 1 866 1291 1261
1135 2 2 3 1 624 782 753
1136 2 2 3 1 751 1250 843
1137 2 2 3 1 1250 1252 843
1138 2 2 3 1 1509 1529 968
1139 2 2 3 1 546 547 544
1140 2 2 3 1 775 776 761
1141 2 2 3 1 840 841 776
1142 2 2 3 1 1261 1424 866
1143 2 2 3 1 571 573 572
1144 2 2 3 1 1267 1273 503
1145 2 2 3 1 885 961 884
1146 2 2 3 1 568 571 569
1147 2 2 3 1 751 843 666
1148 2 2 3 1 1142 1143 844
1149 2 2 3 1 848 1471 1260
1150 2 2 3 1 565 1403 568
1151 2 2 3 1 932 1276 448
1152 2 2 3 1 962 1020 961
1153 2 2 3 1 389 1394 387
1154 2 2 3 1 374 1447 377
1155 2 2 3 1 1265 1465 1264
1156 2 2 3 1 1246 1625 245
1157 2 2 3 1 865 1443 1381
1158 2 2 3 1 1345 1348 243
1159 2 2 3 1 44 1347 243
1160 2 2 3 1 623 1266 674
1161 2 2 3 1 243 1347 1345
1162 2 2 3 1 1040 1506 1491
1163 2 2 3 1 369 515 399
1164 2 2 3 1 242 1327 1326
1165 2 2 3 1 736 1019 930
1166 2 2 3 1 499 1265 689
1167 2 2 3 1 124 1244 123
1168 2 2 3 1 405 1278 408
1169 2 2 3 1 998 1253 1050
1170 2 2 3 1 699 1180 1179
1171 2 2 3 1 117 1271 220
1172 2 2 3 1 1291 1378 1261
1173 2 2 3 1 495 1265 499
1174 2 2 3 1 123 225 122
1175 2 2 3 1 815 816 814
1176 2 2 3 1 1199 1200 1198
1177 2 2 3 1 1286 1440 636
1178 2 2 3 1 403 1278 405
1179 2 2 3 1 240 1270 119
1180 2 2 3 1 887 1765 1693
1181 2 2 3 1 1327 1328 1325
1182 2 2 3 1 560 1269 1268
1183 2 2 3 1 565 568 567
1184 2 2 3 1 1322 1323 1321
1185 2 2 3 1 858 1440 1286
1186 2 2 3 1 495 1288 1265
1187 2 2 3 1 45 1347 44
1188 2 2 3 1 1326 1327 1325
1189 2 2 3 1 242 1326 113
1190 2 2 3 1 437 601 354
1191 2 2 3 1 555 698 458
1192 2 2 3 1 987 1498 820
1193 2 2 3 1 501 1267 503
1194 2 2 3 1 762 1423 486
1195 2 2 3 1 1235 1249 889
1196 2 2 3 1 1324 1326 1325
1197 2 2 3 1 1272 1414 611
1198 2 2 3 1 581 624 580
1199 2 2 3 1 575 576 574
1200 2 2 3 1 505 700 507
1201 2 2 3 1 515 517 516
1202 2 2 3 1 767 956 872
1203 2 2 3 1 577 580 576
1204 2 2 3 1 1270 1271 118
1205 2 2 3 1 119 1270 118
1206 2 2 3 1 512 865 514
1207 2 2 3 1 487 1404 857
1208 2 2 3 1 560 1268 557
1209 2 2 3 1 998 1050 1049
1210 2 2 3 1 685 1378 1291
1211 2 2 3 1 700 889 507
1212 2 2 3 1 700 1235 889
1213 2 2 3 1 1080 1084 1081
1214 2 2 3 1 218 1322 1321
1215 2 2 3 1 1274 1423 762
1216 2 2 3 1 1226 1792 1071
1217 2 2 3 1 801 985 905
1218 2 2 3 1 1324 1325 1322
1219 2 2 3 1 120 240 119
1220 2 2 3 1 112 1326 1324
1221 2 2 3 1 656 1418 1415
1222 2 2 3 1 458 1394 389
1223 2 2 3 1 568 569 567
1224 2 2 3 1 571 572 569
1225 2 2 3 1 926 1414 1272
1226 2 2 3 1 562 1450 1281
1227 2 2 3 1 112 1324 111
1228 2 2 3 1 865 1403 514
1229 2 2 3 1 1415 1418 1272
1230 2 2 3 1 274 1346 1336
1231 2 2 3 1 1281 1282 701
1232 2 2 3 1 408 1278 767
1233 2 2 3 1 557 1268 555
1234 2 2 3 1 698 1394 458
1235 2 2 3 1 689 1267 501
1236 2 2 3 1 231 1599 1350
1237 2 2 3 1 803 1716 1642
1238 2 2 3 1 404 1397 402
1239 2 2 3 1 801 1454 985
1240 2 2 3 1 1337 1339 1338
1241 2 2 3 1 1339 1340 1338
1242 2 2 3 1 573 574 572
1243 2 2 3 1 503 505 504
1244 2 2 3 1 499 689 501
1245 2 2 3 1 868 1430 1395
1246 2 2 3 1 1323 1624 1321
1247 2 2 3 1 675 818 705
1248 2 2 3 1 113 1326 112
1249 2 2 3 1 218 1321 1320
1250 2 2 3 1 46 1419 45
1251 2 2 3 1 501 503 502
1252 2 2 3 1 503 1273 505
1253 2 2 3 1 1287 1388 1370
1254 2 2 3 1 773 848 847
1255 2 2 3 1 1315 1316 241
1256 2 2 3 1 860 1286 998
1257 2 2 3 1 1399 1410 1280
1258 2 2 3 1 623 674 662
1259 2 2 3 1 499 501 500
1260 2 2 3 1 772 773 733
1261 2 2 3 1 491 1288 495
1262 2 2 3 1 1281 1283 1282
1263 2 2 3 1 578 1281 701
1264 2 2 3 1 118 1271 117
1265 2 2 3 1 1337 1338 223
1266 2 2 3 1 105 1319 217
1267 2 2 3 1 505 507 506
1268 2 2 3 1 773 971 848
1269 2 2 3 1 495 499 496
1270 2 2 3 1 860 998 997
1271 2 2 3 1 377 895 440
1272 2 2 3 1 621 1266 623
1273 2 2 3 1 697 1142 844
1274 2 2 3 1 678 1371 1370
1275 2 2 3 1 1340 1343 1342
1276 2 2 3 1 45 1419 1347
1277 2 2 3 1 505 1273 700
1278 2 2 3 1 857 1404 1368
1279 2 2 3 1 1318 1319 106
1280 2 2 3 1 559 560 557
1281 2 2 3 1 732 733 688
1282 2 2 3 1 773 847 733
1283 2 2 3 1 680 1291 866
1284 2 2 3 1 700 1273 1255
1285 2 2 3 1 109 1320 1315
1286 2 2 3 1 1337 1341 1339
1287 2 2 3 1 895 1164 1163
1288 2 2 3 1 107 1318 106
1289 2 2 3 1 848 1260 847
1290 2 2 3 1 1197 1198 1196
1291 2 2 3 1 1370 1388 678
1292 2 2 3 1 1316 1317 241
1293 2 2 3 1 866 1407 511
1294 2 2 3 1 767 1278 956
1295 2 2 3 1 1336 1337 223
1296 2 2 3 1 677 1410 1399
1297 2 2 3 1 732 772 733
1298 2 2 3 1 218 1324 1322
1299 2 2 3 1 847 1378 733
1300 2 2 3 1 700 1255 1235
1301 2 2 3 1 848 1472 1471
1302 2 2 3 1 851 1285 1284
1303 2 2 3 1 491 495 494
1304 2 2 3 1 926 1272 1033
1305 2 2 3 1 106 1319 105
1306 2 2 3 1 655 777 727
1307 2 2 3 1 108 1315 241
1308 2 2 3 1 109 1315 108
1309 2 2 3 1 882 894 455
1310 2 2 3 1 678 1390 1371
1311 2 2 3 1 767 872 839
1312 2 2 3 1 1261 1378 847
1313 2 2 3 1 487 857 489
1314 2 2 3 1 643 1382 640
1315 2 2 3 1 222 1563 1349
1316 2 2 3 1 455 1397 404
1317 2 2 3 1 851 1284 510
1318 2 2 3 1 688 1378 685
1319 2 2 3 1 498 1280 493
1320 2 2 3 1 562 1281 578
1321 2 2 3 1 1057 1678 1137
1322 2 2 3 1 879 1400 1289
1323 2 2 3 1 855 1280 627
1324 2 2 3 1 672 1477 1474
1325 2 2 3 1 503 504 502
1326 2 2 3 1 501 502 500
1327 2 2 3 1 627 1280 498
1328 2 2 3 1 495 496 494
1329 2 2 3 1 1287 1370 851
1330 2 2 3 1 1336 1346 1337
1331 2 2 3 1 640 1382 766
1332 2 2 3 1 1331 1333 1332
1333 2 2 3 1 499 500 496
1334 2 2 3 1 687 688 685
1335 2 2 3 1 510 1284 617
1336 2 2 3 1 857 1288 489
1337 2 2 3 1 926 1033 1032
1338 2 2 3 1 639 855 627
1339 2 2 3 1 1395 1430 461
1340 2 2 3 1 110 1320 109
1341 2 2 3 1 218 1320 110
1342 2 2 3 1 1312 1314 1313
1343 2 2 3 1 851 1370 1285
1344 2 2 3 1 1313 1314 229
1345 2 2 3 1 1289 1400 618
1346 2 2 3 1 631 762 486
1347 2 2 3 1 1033 1042 1041
1348 2 2 3 1 497 1374 625
1349 2 2 3 1 763 868 850
1350 2 2 3 1 1307 1308 276
1351 2 2 3 1 850 1292 764
1352 2 2 3 1 680 866 511
1353 2 2 3 1 470 1287 472
1354 2 2 3 1 850 1293 1292
1355 2 2 3 1 924 926 925
1356 2 2 3 1 1331 1332 221
1357 2 2 3 1 870 871 749
1358 2 2 3 1 1284 1285 868
1359 2 2 3 1 508 1287 851
1360 2 2 3 1 59 1313 229
1361 2 2 3 1 682 1291 680
1362 2 2 3 1 273 1333 1331
1363 2 2 3 1 635 1380 852
1364 2 2 3 1 472 1287 508
1365 2 2 3 1 617 1284 763
1366 2 2 3 1 685 1291 682
1367 2 2 3 1 684 685 682
1368 2 2 3 1 1311 1312 1310
1369 2 2 3 1 508 851 510
1370 2 2 3 1 578 701 638
1371 2 2 3 1 235 1357 1356
1372 2 2 3 1 731 732 688
1373 2 2 3 1 870 964 871
1374 2 2 3 1 111 1324 218
1375 2 2 3 1 763 1284 868
1376 2 2 3 1 505 506 504
1377 2 2 3 1 763 850 764
1378 2 2 3 1 60 1313 59
1379 2 2 3 1 486 1423 484
1380 2 2 3 1 1354 1355 1353
1381 2 2 3 1 238 1311 1310
1382 2 2 3 1 617 763 671
1383 2 2 3 1 764 1292 781
1384 2 2 3 1 871 1383 1382
1385 2 2 3 1 470 1388 1287
1386 2 2 3 1 625 1374 724
1387 2 2 3 1 975 1417 864
1388 2 2 3 1 479 1369 659
1389 2 2 3 1 1382 1383 766
1390 2 2 3 1 749 1382 643
1391 2 2 3 1 724 924 923
1392 2 2 3 1 1300 1302 1301
1393 2 2 3 1 781 955 893
1394 2 2 3 1 75 1353 76
1395 2 2 3 1 76 1353 231
1396 2 2 3 1 635 852 765
1397 2 2 3 1 1365 1367 1366
1398 2 2 3 1 1370 1371 1285
1399 2 2 3 1 239 1354 74
1400 2 2 3 1 238 1310 61
1401 2 2 3 1 61 1310 60
1402 2 2 3 1 75 1354 1353
1403 2 2 3 1 781 1292 955
1404 2 2 3 1 1300 1301 1298
1405 2 2 3 1 1280 1410 493
1406 2 2 3 1 235 1356 92
1407 2 2 3 1 92 1356 91
1408 2 2 3 1 611 1415 1272
1409 2 2 3 1 1365 1366 260
1410 2 2 3 1 72 1351 73
1411 2 2 3 1 73 1351 239
1412 2 2 3 1 90 1358 267
1413 2 2 3 1 1033 1418 1042
1414 2 2 3 1 659 1369 787
1415 2 2 3 1 260 1352 71
1416 2 2 3 1 81 1364 82
1417 2 2 3 1 236 1364 81
1418 2 2 3 1 1356 1358 91
1419 2 2 3 1 485 486 484
1420 2 2 3 1 1340 1342 1338
1421 2 2 3 1 259 1330 64
1422 2 2 3 1 64 1330 63
1423 2 2 3 1 72 1352 1351
1424 2 2 3 1 1411 1420 456
1425 2 2 3 1 289 1367 1365
1426 2 2 3 1 307 308 306
1427 2 2 3 1 915 916 722
1428 2 2 3 1 408 767 442
1429 2 2 3 1 74 1354 75
1430 2 2 3 1 91 1358 90
1431 2 2 3 1 71 1352 72
1432 2 2 3 1 1299 1300 1298
1433 2 2 3 1 291 1298 1297
1434 2 2 3 1 468 484 463
1435 2 2 3 1 291 1299 1298
1436 2 2 3 1 787 877 876
1437 2 2 3 1 55 1331 221
1438 2 2 3 1 98 1359 97
1439 2 2 3 1 56 1331 55
1440 2 2 3 1 89 1305 88
1441 2 2 3 1 97 1359 222
1442 2 2 3 1 99 1307 276
1443 2 2 3 1 101 1360 226
1444 2 2 3 1 57 273 56
1445 2 2 3 1 47 223 46
1446 2 2 3 1 79 1335 80
1447 2 2 3 1 226 1307 100
1448 2 2 3 1 274 1336 48
1449 2 2 3 1 100 1307 99
1450 2 2 3 1 222 1349 96
1451 2 2 3 1 267 1305 89
1452 2 2 3 1 93 235 92
1453 2 2 3 1 279 1361 34
1454 2 2 3 1 103 1304 278
1455 2 2 3 1 102 1360 101
1456 2 2 3 1 95 281 94
1457 2 2 3 1 96 1349 95
1458 2 2 3 1 99 276 98
1459 2 2 3 1 33 219 32
1460 2 2 3 1 111 218 110
1461 2 2 3 1 103 278 102
1462 2 2 3 1 95 1349 281
1463 2 2 3 1 105 217 104
1464 2 2 3 1 35 279 34
1465 2 2 3 1 217 1304 104
1466 2 2 3 1 104 1304 103
1467 2 2 3 1 34 1361 33
1468 2 2 3 1 48 1336 47
1469 2 2 3 1 90 267 89
1470 2 2 3 1 114 242 113
1471 2 2 3 1 101 226 100
1472 2 2 3 1 37 228 36
1473 2 2 3 1 44 243 43
1474 2 2 3 1 51 227 50
1475 2 2 3 1 33 1361 219
1476 2 2 3 1 37 1363 228
1477 2 2 3 1 47 1336 223
1478 2 2 3 1 38 1363 37
1479 2 2 3 1 80 1335 236
1480 2 2 3 1 55 221 54
1481 2 2 3 1 53 275 52
1482 2 2 3 1 41 224 40
1483 2 2 3 1 59 229 58
1484 2 2 3 1 49 274 48
1485 2 2 3 1 273 1331 56
1486 2 2 3 1 277 1335 79
1487 2 2 3 1 108 241 107
1488 2 2 3 1 67 291 66
1489 2 2 3 1 276 1359 98
1490 2 2 3 1 278 1360 102
1491 2 2 3 1 53 1362 275
1492 2 2 3 1 97 222 96
1493 2 2 3 1 117 220 116
1494 2 2 3 1 231 1350 77
1495 2 2 3 1 68 289 69
1496 2 2 3 1 83 268 84
1497 2 2 3 1 69 1365 70
1498 2 2 3 1 77 1350 78
1499 2 2 3 1 80 236 81
1500 2 2 3 1 78 277 79
1501 2 2 3 1 70 260 71
1502 2 2 3 1 73 239 74
1503 2 2 3 1 39 280 38
1504 2 2 3 1 76 231 77
1505 2 2 3 1 54 1362 53
1506 2 2 3 1 280 1363 38
1507 2 2 3 1 221 1362 54
1508 2 2 3 1 94 1306 93
1509 2 2 3 1 289 1365 69
1510 2 2 3 1 281 1306 94
1511 2 2 3 1 65 259 64
1512 2 2 3 1 62 238 61
1513 2 2 3 1 93 1306 235
1514 2 2 3 1 65 1297 259
1515 2 2 3 1 70 1365 260
1516 2 2 3 1 78 1350 277
1517 2 2 3 1 291 1297 66
1518 2 2 3 1 66 1297 65
1519 2 2 3 1 879 1289 967
1520 2 2 3 1 763 764 671
1521 2 2 3 1 852 853 765
1522 2 2 3 1 750 870 749
1523 2 2 3 1 877 879 878
1524 2 2 3 1 1312 1313 1310
1525 2 2 3 1 1310 1313 60
1526 2 2 3 1 856 1387 658
1527 2 2 3 1 241 1318 107
1528 2 2 3 1 724 1374 924
1529 2 2 3 1 1289 1290 967
1530 2 2 3 1 915 927 916
1531 2 2 3 1 1289 1408 1290
1532 2 2 3 1 707 963 631
1533 2 2 3 1 864 1396 694
1534 2 2 3 1 422 487 444
1535 2 2 3 1 733 1378 688
1536 2 2 3 1 508 510 509
1537 2 2 3 1 480 1379 482
1538 2 2 3 1 472 508 477
1539 2 2 3 1 787 1369 877
1540 2 2 3 1 628 639 627
1541 2 2 3 1 879 967 902
1542 2 2 3 1 640 766 639
1543 2 2 3 1 924 1414 926
1544 2 2 3 1 916 1379 722
1545 2 2 3 1 785 856 658
1546 2 2 3 1 630 631 486
1547 2 2 3 1 626 627 498
1548 2 2 3 1 748 749 643
1549 2 2 3 1 877 878 876
1550 2 2 3 1 446 451 450
1551 2 2 3 1 481 635 629
1552 2 2 3 1 879 902 878
1553 2 2 3 1 510 617 616
1554 2 2 3 1 897 952 935
1555 2 2 3 1 978 1008 854
1556 2 2 3 1 635 765 702
1557 2 2 3 1 668 771 770
1558 2 2 3 1 659 787 786
1559 2 2 3 1 797 1131 978
1560 2 2 3 1 827 864 694
1561 2 2 3 1 668 722 594
1562 2 2 3 1 770 915 722
1563 2 2 3 1 781 893 892
1564 2 2 3 1 770 917 915
1565 2 2 3 1 852 1473 853
1566 2 2 3 1 850 1395 1293
1567 2 2 3 1 708 897 896
1568 2 2 3 1 787 876 875
1569 2 2 3 1 764 781 780
1570 2 2 3 1 489 1288 491
1571 2 2 3 1 617 671 670
1572 2 2 3 1 797 854 702
1573 2 2 3 1 635 702 629
1574 2 2 3 1 594 1379 480
1575 2 2 3 1 668 770 722
1576 2 2 3 1 750 957 870
1577 2 2 3 1 480 482 474
1578 2 2 3 1 797 978 854
1579 2 2 3 1 467 476 475
1580 2 2 3 1 510 616 509
1581 2 2 3 1 508 509 477
1582 2 2 3 1 926 1032 925
1583 2 2 3 1 765 797 702
1584 2 2 3 1 468 485 484
1585 2 2 3 1 875 881 786
1586 2 2 3 1 1317 1318 241
1587 2 2 3 1 876 908 875
1588 2 2 3 1 785 936 856
1589 2 2 3 1 464 470 469
1590 2 2 3 1 629 668 594
1591 2 2 3 1 1033 1041 1032
1592 2 2 3 1 787 875 786
1593 2 2 3 1 462 1468 1467
1594 2 2 3 1 668 1372 771
1595 2 2 3 1 460 461 449
1596 2 2 3 1 430 867 691
1597 2 2 3 1 892 981 780
1598 2 2 3 1 702 1372 629
1599 2 2 3 1 1053 1054 793
1600 2 2 3 1 629 1372 668
1601 2 2 3 1 893 1156 892
1602 2 2 3 1 974 975 864
1603 2 2 3 1 781 892 780
1604 2 2 3 1 479 658 473
1605 2 2 3 1 617 670 616
1606 2 2 3 1 764 780 671
1607 2 2 3 1 1372 1386 771
1608 2 2 3 1 472 477 473
1609 2 2 3 1 485 630 486
1610 2 2 3 1 671 1373 670
1611 2 2 3 1 684 687 685
1612 2 2 3 1 748 750 749
1613 2 2 3 1 611 1414 1402
1614 2 2 3 1 616 618 509
1615 2 2 3 1 481 629 594
1616 2 2 3 1 659 786 785
1617 2 2 3 1 854 1372 702
1618 2 2 3 1 470 472 471
1619 2 2 3 1 659 785 658
1620 2 2 3 1 952 1031 935
1621 2 2 3 1 871 1382 749
1622 2 2 3 1 924 925 923
1623 2 2 3 1 1343 1345 1342
1624 2 2 3 1 479 659 658
1625 2 2 3 1 628 640 639
1626 2 2 3 1 854 1386 1372
1627 2 2 3 1 422 1404 487
1628 2 2 3 1 477 479 473
1629 2 2 3 1 1278 1456 956
1630 2 2 3 1 780 1373 671
1631 2 2 3 1 472 473 471
1632 2 2 3 1 626 628 627
1633 2 2 3 1 897 935 896
1634 2 2 3 1 1035 1036 792
1635 2 2 3 1 750 958 957
1636 2 2 3 1 747 880 792
1637 2 2 3 1 481 594 480
1638 2 2 3 1 471 619 469
1639 2 2 3 1 467 475 474
1640 2 2 3 1 475 481 480
1641 2 2 3 1 462 467 466
1642 2 2 3 1 475 480 474
1643 2 2 3 1 481 1380 635
1644 2 2 3 1 467 474 466
1645 2 2 3 1 877 1400 879
1646 2 2 3 1 722 1379 594
1647 2 2 3 1 875 1376 881
1648 2 2 3 1 470 471 469
1649 2 2 3 1 479 1377 1369
1650 2 2 3 1 433 438 435
1651 2 2 3 1 981 1373 780
1652 2 2 3 1 462 466 460
1653 2 2 3 1 436 456 434
1654 2 2 3 1 908 1376 875
1655 2 2 3 1 476 1380 475
1656 2 2 3 1 450 462 460
1657 2 2 3 1 464 469 468
1658 2 2 3 1 1008 1386 854
1659 2 2 3 1 487 489 488
1660 2 2 3 1 630 707 631
1661 2 2 3 1 708 1392 897
1662 2 2 3 1 457 463 456
1663 2 2 3 1 430 1375 867
1664 2 2 3 1 464 468 463
1665 2 2 3 1 427 430 429
1666 2 2 3 1 450 460 449
1667 2 2 3 1 509 1377 477
1668 2 2 3 1 457 464 463
1669 2 2 3 1 446 450 449
1670 2 2 3 1 425 1375 427
1671 2 2 3 1 436 678 457
1672 2 2 3 1 507 634 506
1673 2 2 3 1 477 1377 479
1674 2 2 3 1 433 435 434
1675 2 2 3 1 630 708 707
1676 2 2 3 1 708 896 793
1677 2 2 3 1 618 1400 1377
1678 2 2 3 1 436 457 456
1679 2 2 3 1 618 1377 509
1680 2 2 3 1 446 449 445
1681 2 2 3 1 867 953 691
1682 2 2 3 1 438 446 445
1683 2 2 3 1 1439 1453 762
1684 2 2 3 1 475 1380 481
1685 2 2 3 1 1408 1416 1290
1686 2 2 3 1 880 1035 792
1687 2 2 3 1 747 748 643
1688 2 2 3 1 642 643 640
1689 2 2 3 1 438 445 435
1690 2 2 3 1 435 436 434
1691 2 2 3 1 1036 1384 792
1692 2 2 3 1 747 792 748
1693 2 2 3 1 894 1397 455
1694 2 2 3 1 1377 1400 1369
1695 2 2 3 1 748 1384 750
1696 2 2 3 1 849 1275 1274
1697 2 2 3 1 628 642 640
1698 2 2 3 1 896 1053 793
1699 2 2 3 1 708 793 707
1700 2 2 3 1 427 429 428
1701 2 2 3 1 658 1387 473
1702 2 2 3 1 425 427 426
1703 2 2 3 1 835 863 723
1704 2 2 3 1 625 724 723
1705 2 2 3 1 433 434 432
1706 2 2 3 1 464 1388 470
1707 2 2 3 1 897 1412 952
1708 2 2 3 1 619 1385 469
1709 2 2 3 1 953 954 691
1710 2 2 3 1 750 1384 958
1711 2 2 3 1 1275 1420 1411
1712 2 2 3 1 431 432 429
1713 2 2 3 1 849 869 453
1714 2 2 3 1 692 960 693
1715 2 2 3 1 430 691 431
1716 2 2 3 1 468 1385 485
1717 2 2 3 1 642 747 643
1718 2 2 3 1 469 1385 468
1719 2 2 3 1 1260 1261 847
1720 2 2 3 1 430 431 429
1721 2 2 3 1 1337 1346 1341
1722 2 2 3 1 792 1384 748
1723 2 2 3 1 487 488 444
1724 2 2 3 1 473 1387 471
1725 2 2 3 1 732 774 772
1726 2 2 3 1 431 433 432
1727 2 2 3 1 1393 1406 438
1728 2 2 3 1 855 1399 1280
1729 2 2 3 1 724 923 835
1730 2 2 3 1 428 453 426
1731 2 2 3 1 687 731 688
1732 2 2 3 1 625 626 498
1733 2 2 3 1 489 491 490
1734 2 2 3 1 868 1395 850
1735 2 2 3 1 471 1387 619
1736 2 2 3 1 798 1003 932
1737 2 2 3 1 457 1388 464
1738 2 2 3 1 1402 1414 1374
1739 2 2 3 1 427 428 426
1740 2 2 3 1 484 1411 463
1741 2 2 3 1 782 783 753
1742 2 2 3 1 827 974 864
1743 2 2 3 1 849 1274 869
1744 2 2 3 1 625 723 626
1745 2 2 3 1 491 494 492
1746 2 2 3 1 626 1391 628
1747 2 2 3 1 678 1388 457
1748 2 2 3 1 954 1406 1393
1749 2 2 3 1 446 1406 451
1750 2 2 3 1 724 835 723
1751 2 2 3 1 427 1375 430
1752 2 2 3 1 923 996 835
1753 2 2 3 1 683 692 686
1754 2 2 3 1 428 849 453
1755 2 2 3 1 425 426 424
1756 2 2 3 1 485 1392 630
1757 2 2 3 1 433 1393 438
1758 2 2 3 1 445 1390 435
1759 2 2 3 1 693 694 686
1760 2 2 3 1 630 1392 708
1761 2 2 3 1 618 1408 1289
1762 2 2 3 1 492 493 490
1763 2 2 3 1 435 1390 436
1764 2 2 3 1 695 828 827
1765 2 2 3 1 431 1393 433
1766 2 2 3 1 695 827 694
1767 2 2 3 1 497 498 493
1768 2 2 3 1 423 425 424
1769 2 2 3 1 1275 1423 1274
1770 2 2 3 1 1369 1400 877
1771 2 2 3 1 497 625 498
1772 2 2 3 1 693 695 694
1773 2 2 3 1 436 1390 678
1774 2 2 3 1 422 444 423
1775 2 2 3 1 863 1391 723
1776 2 2 3 1 1385 1392 485
1777 2 2 3 1 723 1391 626
1778 2 2 3 1 423 1389 425
1779 2 2 3 1 425 1389 1375
1780 2 2 3 1 628 1391 642
1781 2 2 3 1 616 1408 618
1782 2 2 3 1 731 1294 732
1783 2 2 3 1 420 511 418
1784 2 2 3 1 691 1393 431
1785 2 2 3 1 491 492 490
1786 2 2 3 1 679 951 681
1787 2 2 3 1 489 490 488
1788 2 2 3 1 400 512 447
1789 2 2 3 1 998 1049 997
1790 2 2 3 1 882 968 894
1791 2 2 3 1 954 1393 691
1792 2 2 3 1 692 693 686
1793 2 2 3 1 492 497 493
1794 2 2 3 1 679 680 511
1795 2 2 3 1 423 424 421
1796 2 2 3 1 1412 1422 952
1797 2 2 3 1 1395 1435 1293
1798 2 2 3 1 950 1242 949
1799 2 2 3 1 488 677 444
1800 2 2 3 1 385 829 441
1801 2 2 3 1 496 611 494
1802 2 2 3 1 732 1294 774
1803 2 2 3 1 683 684 682
1804 2 2 3 1 444 1389 423
1805 2 2 3 1 419 422 421
1806 2 2 3 1 849 1398 1275
1807 2 2 3 1 429 1398 428
1808 2 2 3 1 497 1402 1374
1809 2 2 3 1 681 682 680
1810 2 2 3 1 432 1398 429
1811 2 2 3 1 767 839 442
1812 2 2 3 1 400 1443 512
1813 2 2 3 1 683 686 684
1814 2 2 3 1 747 1413 880
1815 2 2 3 1 681 683 682
1816 2 2 3 1 422 423 421
1817 2 2 3 1 1294 1295 774
1818 2 2 3 1 420 679 511
1819 2 2 3 1 960 1453 1439
1820 2 2 3 1 684 1396 687
1821 2 2 3 1 957 1470 1469
1822 2 2 3 1 223 1419 46
1823 2 2 3 1 1342 1419 1338
1824 2 2 3 1 428 1398 849
1825 2 2 3 1 1411 1423 1275
1826 2 2 3 1 670 1408 616
1827 2 2 3 1 679 681 680
1828 2 2 3 1 456 1420 434
1829 2 2 3 1 494 1402 492
1830 2 2 3 1 677 1389 444
1831 2 2 3 1 694 1396 686
1832 2 2 3 1 438 1406 446
1833 2 2 3 1 417 418 415
1834 2 2 3 1 828 1401 827
1835 2 2 3 1 461 1430 1425
1836 2 2 3 1 1391 1413 642
1837 2 2 3 1 416 1368 417
1838 2 2 3 1 1285 1430 868
1839 2 2 3 1 1392 1412 897
1840 2 2 3 1 1383 1451 766
1841 2 2 3 1 686 1396 684
1842 2 2 3 1 492 1402 497
1843 2 2 3 1 413 416 415
1844 2 2 3 1 857 1465 1288
1845 2 2 3 1 856 1422 1387
1846 2 2 3 1 727 972 779
1847 2 2 3 1 863 1413 1391
1848 2 2 3 1 827 1401 974
1849 2 2 3 1 611 1402 494
1850 2 2 3 1 1347 1419 1342
1851 2 2 3 1 419 421 420
1852 2 2 3 1 683 1405 692
1853 2 2 3 1 1385 1412 1392
1854 2 2 3 1 1398 1420 1275
1855 2 2 3 1 670 1416 1408
1856 2 2 3 1 502 656 500
1857 2 2 3 1 417 419 418
1858 2 2 3 1 432 1420 1398
1859 2 2 3 1 463 1411 456
1860 2 2 3 1 619 1412 1385
1861 2 2 3 1 869 1434 453
1862 2 2 3 1 416 417 415
1863 2 2 3 1 642 1413 747
1864 2 2 3 1 461 1425 449
1865 2 2 3 1 1262 1263 846
1866 2 2 3 1 969 970 783
1867 2 2 3 1 1373 1416 670
1868 2 2 3 1 512 514 513
1869 2 2 3 1 419 420 418
1870 2 2 3 1 1272 1418 1033
1871 2 2 3 1 856 1427 1422
1872 2 2 3 1 414 454 412
1873 2 2 3 1 514 1403 565
1874 2 2 3 1 951 1405 681
1875 2 2 3 1 1446 1453 960
1876 2 2 3 1 493 1410 490
1877 2 2 3 1 1374 1414 924
1878 2 2 3 1 619 1422 1412
1879 2 2 3 1 1294 1296 1295
1880 2 2 3 1 1050 1165 1049
1881 2 2 3 1 679 1409 951
1882 2 2 3 1 1435 1438 1293
1883 2 2 3 1 864 1417 1396
1884 2 2 3 1 681 1405 683
1885 2 2 3 1 482 1441 1438
1886 2 2 3 1 1338 1419 223
1887 2 2 3 1 858 1286 860
1888 2 2 3 1 453 1426 426
1889 2 2 3 1 655 727 726
1890 2 2 3 1 1409 1426 951
1891 2 2 3 1 511 1407 418
1892 2 2 3 1 1021 1022 1020
1893 2 2 3 1 1345 1347 1342
1894 2 2 3 1 1390 1425 1371
1895 2 2 3 1 445 1425 1390
1896 2 2 3 1 434 1420 432
1897 2 2 3 1 866 1424 1407
1898 2 2 3 1 424 1426 1409
1899 2 2 3 1 484 1423 1411
1900 2 2 3 1 415 1407 414
1901 2 2 3 1 424 1409 421
1902 2 2 3 1 488 1410 677
1903 2 2 3 1 1396 1417 687
1904 2 2 3 1 490 1410 488
1905 2 2 3 1 975 1428 1417
1906 2 2 3 1 687 1417 731
1907 2 2 3 1 417 1404 419
1908 2 2 3 1 420 1409 679
1909 2 2 3 1 1368 1404 417
1910 2 2 3 1 1422 1427 952
1911 2 2 3 1 1387 1422 619
1912 2 2 3 1 460 1435 461
1913 2 2 3 1 570 858 769
1914 2 2 3 1 500 1415 496
1915 2 2 3 1 496 1415 611
1916 2 2 3 1 419 1404 422
1917 2 2 3 1 418 1407 415
1918 2 2 3 1 1262 1264 1263
1919 2 2 3 1 413 415 414
1920 2 2 3 1 512 513 447
1921 2 2 3 1 916 1452 1448
1922 2 2 3 1 421 1409 420
1923 2 2 3 1 839 938 846
1924 2 2 3 1 972 973 779
1925 2 2 3 1 461 1435 1395
1926 2 2 3 1 408 442 409
1927 2 2 3 1 936 1427 856
1928 2 2 3 1 409 410 407
1929 2 2 3 1 506 730 504
1930 2 2 3 1 413 414 412
1931 2 2 3 1 411 413 412
1932 2 2 3 1 1294 1428 1296
1933 2 2 3 1 1375 1431 867
1934 2 2 3 1 1425 1430 1371
1935 2 2 3 1 653 655 654
1936 2 2 3 1 938 1262 846
1937 2 2 3 1 779 784 726
1938 2 2 3 1 727 779 726
1939 2 2 3 1 963 1439 631
1940 2 2 3 1 839 846 442
1941 2 2 3 1 482 1438 474
1942 2 2 3 1 656 1415 500
1943 2 2 3 1 405 408 407
1944 2 2 3 1 690 959 898
1945 2 2 3 1 406 455 404
1946 2 2 3 1 449 1425 445
1947 2 2 3 1 985 1279 905
1948 2 2 3 1 411 412 410
1949 2 2 3 1 1292 1441 955
1950 2 2 3 1 408 409 407
1951 2 2 3 1 1431 1442 867
1952 2 2 3 1 690 882 455
1953 2 2 3 1 692 1446 960
1954 2 2 3 1 409 411 410
1955 2 2 3 1 952 1427 1031
1956 2 2 3 1 1150 1500 821
1957 2 2 3 1 426 1426 424
1958 2 2 3 1 666 1257 581
1959 2 2 3 1 1028 1030 1029
1960 2 2 3 1 569 1440 567
1961 2 2 3 1 858 860 859
1962 2 2 3 1 1263 1421 846
1963 2 2 3 1 1458 1466 451
1964 2 2 3 1 414 1424 454
1965 2 2 3 1 766 1449 639
1966 2 2 3 1 1399 1431 677
1967 2 2 3 1 655 726 654
1968 2 2 3 1 1407 1424 414
1969 2 2 3 1 861 862 859
1970 2 2 3 1 1253 1432 1050
1971 2 2 3 1 1383 1458 1451
1972 2 2 3 1 916 1448 1379
1973 2 2 3 1 1057 1724 1125
1974 2 2 3 1 180 1225 230
1975 2 2 3 1 1371 1430 1285
1976 2 2 3 1 570 768 566
1977 2 2 3 1 858 859 769
1978 2 2 3 1 442 1421 409
1979 2 2 3 1 690 898 882
1980 2 2 3 1 677 1431 1389
1981 2 2 3 1 769 965 768
1982 2 2 3 1 1417 1428 731
1983 2 2 3 1 409 1421 411
1984 2 2 3 1 731 1428 1294
1985 2 2 3 1 1074 1080 1079
1986 2 2 3 1 564 672 513
1987 2 2 3 1 514 565 564
1988 2 2 3 1 453 1434 1426
1989 2 2 3 1 599 1511 729
1990 2 2 3 1 565 567 566
1991 2 2 3 1 1389 1431 1375
1992 2 2 3 1 405 407 406
1993 2 2 3 1 636 1440 569
1994 2 2 3 1 466 1435 460
1995 2 2 3 1 993 1028 994
1996 2 2 3 1 638 653 652
1997 2 2 3 1 860 997 861
1998 2 2 3 1 997 999 861
1999 2 2 3 1 406 690 455
2000 2 2 3 1 1399 1442 1431
2001 2 2 3 1 653 654 652
2002 2 2 3 1 1438 1441 1293
2003 2 2 3 1 846 1421 442
2004 2 2 3 1 865 1502 1403
2005 2 2 3 1 548 549 547
2006 2 2 3 1 570 769 768
2007 2 2 3 1 1426 1434 951
2008 2 2 3 1 951 1434 1405
2009 2 2 3 1 964 1466 871
2010 2 2 3 1 869 1446 1434
2011 2 2 3 1 558 562 561
2012 2 2 3 1 652 725 637
2013 2 2 3 1 1348 1482 243
2014 2 2 3 1 567 570 566
2015 2 2 3 1 570 1440 858
2016 2 2 3 1 401 402 398
2017 2 2 3 1 400 447 401
2018 2 2 3 1 514 564 513
2019 2 2 3 1 466 1438 1435
2020 2 2 3 1 1474 1477 956
2021 2 2 3 1 405 406 404
2022 2 2 3 1 578 638 637
2023 2 2 3 1 860 861 859
2024 2 2 3 1 1442 1449 953
2025 2 2 3 1 1441 1448 955
2026 2 2 3 1 867 1442 953
2027 2 2 3 1 565 566 564
2028 2 2 3 1 413 1445 416
2029 2 2 3 1 562 578 563
2030 2 2 3 1 762 1453 1274
2031 2 2 3 1 869 1453 1446
2032 2 2 3 1 1063 1661 297
2033 2 2 3 1 396 400 398
2034 2 2 3 1 927 1452 916
2035 2 2 3 1 474 1438 466
2036 2 2 3 1 1448 1452 955
2037 2 2 3 1 401 403 402
2038 2 2 3 1 403 405 404
2039 2 2 3 1 1406 1458 451
2040 2 2 3 1 467 1467 476
2041 2 2 3 1 927 1455 1452
2042 2 2 3 1 960 1464 693
2043 2 2 3 1 410 1429 407
2044 2 2 3 1 1467 1468 964
2045 2 2 3 1 542 552 545
2046 2 2 3 1 631 1439 762
2047 2 2 3 1 403 404 402
2048 2 2 3 1 407 1429 406
2049 2 2 3 1 1293 1441 1292
2050 2 2 3 1 450 1468 462
2051 2 2 3 1 638 652 637
2052 2 2 3 1 1380 1470 852
2053 2 2 3 1 690 1429 959
2054 2 2 3 1 338 340 339
2055 2 2 3 1 400 401 398
2056 2 2 3 1 572 636 569
2057 2 2 3 1 595 596 549
2058 2 2 3 1 1269 1491 1268
2059 2 2 3 1 377 1447 895
2060 2 2 3 1 1469 1470 476
2061 2 2 3 1 454 1457 412
2062 2 2 3 1 599 729 606
2063 2 2 3 1 855 1449 1442
2064 2 2 3 1 818 819 705
2065 2 2 3 1 406 1429 690
2066 2 2 3 1 524 1462 522
2067 2 2 3 1 963 1464 1439
2068 2 2 3 1 790 1490 1121
2069 2 2 3 1 766 1451 1449
2070 2 2 3 1 957 1469 870
2071 2 2 3 1 829 830 441
2072 2 2 3 1 578 637 563
2073 2 2 3 1 769 1433 965
2074 2 2 3 1 1263 1445 1421
2075 2 2 3 1 905 1279 993
2076 2 2 3 1 1260 1471 454
2077 2 2 3 1 1421 1445 411
2078 2 2 3 1 1379 1448 482
2079 2 2 3 1 1397 1436 402
2080 2 2 3 1 639 1449 855
2081 2 2 3 1 674 675 662
2082 2 2 3 1 862 1433 859
2083 2 2 3 1 1456 1474 956
2084 2 2 3 1 855 1442 1399
2085 2 2 3 1 1028 1029 994
2086 2 2 3 1 1029 1116 994
2087 2 2 3 1 1460 1465 1368
2088 2 2 3 1 1445 1460 416
2089 2 2 3 1 266 1614 161
2090 2 2 3 1 1405 1446 692
2091 2 2 3 1 562 563 561
2092 2 2 3 1 859 1433 769
2093 2 2 3 1 411 1445 413
2094 2 2 3 1 1383 1466 1458
2095 2 2 3 1 394 395 392
2096 2 2 3 1 955 1452 893
2097 2 2 3 1 1434 1446 1405
2098 2 2 3 1 410 1457 1429
2099 2 2 3 1 953 1451 954
2100 2 2 3 1 936 1444 1427
2101 2 2 3 1 554 873 556
2102 2 2 3 1 416 1460 1368
2103 2 2 3 1 1452 1455 893
2104 2 2 3 1 589 592 590
2105 2 2 3 1 823 824 816
2106 2 2 3 1 1429 1457 959
2107 2 2 3 1 1274 1453 869
2108 2 2 3 1 893 1455 1156
2109 2 2 3 1 398 1436 397
2110 2 2 3 1 403 1456 1278
2111 2 2 3 1 482 1448 1441
2112 2 2 3 1 393 1381 394
2113 2 2 3 1 390 393 392
2114 2 2 3 1 1427 1444 1031
2115 2 2 3 1 558 561 559
2116 2 2 3 1 401 1456 403
2117 2 2 3 1 391 458 389
2118 2 2 3 1 1439 1464 960
2119 2 2 3 1 567 1440 570
2120 2 2 3 1 393 394 392
2121 2 2 3 1 561 641 559
2122 2 2 3 1 396 398 397
2123 2 2 3 1 402 1436 398
2124 2 2 3 1 394 396 395
2125 2 2 3 1 1263 1460 1445
2126 2 2 3 1 206 1126 205
2127 2 2 3 1 558 559 557
2128 2 2 3 1 964 1468 1466
2129 2 2 3 1 556 558 557
2130 2 2 3 1 454 1471 1457
2131 2 2 3 1 1451 1458 954
2132 2 2 3 1 1238 1239 838
2133 2 2 3 1 556 557 555
2134 2 2 3 1 396 397 395
2135 2 2 3 1 576 667 574
2136 2 2 3 1 986 987 820
2137 2 2 3 1 1264 1465 1460
2138 2 2 3 1 905 993 976
2139 2 2 3 1 954 1458 1406
2140 2 2 3 1 412 1457 410
2141 2 2 3 1 447 1456 401
2142 2 2 3 1 1449 1451 953
2143 2 2 3 1 895 1163 440
2144 2 2 3 1 517 519 518
2145 2 2 3 1 1201 1202 1200
2146 2 2 3 1 1394 1480 387
2147 2 2 3 1 672 1474 513
2148 2 2 3 1 993 994 976
2149 2 2 3 1 624 753 752
2150 2 2 3 1 554 555 458
2151 2 2 3 1 1264 1460 1263
2152 2 2 3 1 871 1466 1383
2153 2 2 3 1 693 1464 695
2154 2 2 3 1 870 1469 964
2155 2 2 3 1 554 556 555
2156 2 2 3 1 1152 1528 1512
2157 2 2 3 1 805 988 807
2158 2 2 3 1 801 905 904
2159 2 2 3 1 558 1450 562
2160 2 2 3 1 462 1467 467
2161 2 2 3 1 1368 1465 857
2162 2 2 3 1 451 1468 450
2163 2 2 3 1 134 1637 245
2164 2 2 3 1 1151 1152 922
2165 2 2 3 1 1457 1471 959
2166 2 2 3 1 390 392 391
2167 2 2 3 1 1467 1469 476
2168 2 2 3 1 394 1443 396
2169 2 2 3 1 706 801 800
2170 2 2 3 1 476 1470 1380
2171 2 2 3 1 396 1443 400
2172 2 2 3 1 1381 1443 394
2173 2 2 3 1 873 1450 556
2174 2 2 3 1 760 1043 740
2175 2 2 3 1 958 1473 957
2176 2 2 3 1 385 441 386
2177 2 2 3 1 391 554 458
2178 2 2 3 1 43 1482 42
2179 2 2 3 1 556 1450 558
2180 2 2 3 1 1180 1223 1181
2181 2 2 3 1 830 934 838
2182 2 2 3 1 768 1523 1507
2183 2 2 3 1 651 1462 524
2184 2 2 3 1 1470 1473 852
2185 2 2 3 1 1238 1240 1239
2186 2 2 3 1 874 1039 452
2187 2 2 3 1 526 651 524
2188 2 2 3 1 386 387 384
2189 2 2 3 1 604 605 603
2190 2 2 3 1 1271 1564 220
2191 2 2 3 1 959 1472 898
2192 2 2 3 1 843 1257 666
2193 2 2 3 1 513 1474 447
2194 2 2 3 1 390 391 389
2195 2 2 3 1 921 1153 1151
2196 2 2 3 1 830 838 441
2197 2 2 3 1 447 1474 1456
2198 2 2 3 1 921 922 752
2199 2 2 3 1 572 1463 636
2200 2 2 3 1 934 1238 838
2201 2 2 3 1 251 1154 1098
2202 2 2 3 1 672 1507 1249
2203 2 2 3 1 1693 1765 1122
2204 2 2 3 1 1466 1468 451
2205 2 2 3 1 624 752 580
2206 2 2 3 1 1177 1607 257
2207 2 2 3 1 574 1463 572
2208 2 2 3 1 905 976 904
2209 2 2 3 1 386 388 387
2210 2 2 3 1 1314 1621 1036
2211 2 2 3 1 340 342 341
2212 2 2 3 1 388 390 389
2213 2 2 3 1 828 1622 1309
2214 2 2 3 1 675 705 676
2215 2 2 3 1 441 1459 386
2216 2 2 3 1 519 521 520
2217 2 2 3 1 383 452 381
2218 2 2 3 1 964 1469 1467
2219 2 2 3 1 921 1478 1153
2220 2 2 3 1 395 1461 392
2221 2 2 3 1 388 389 387
2222 2 2 3 1 956 1477 872
2223 2 2 3 1 392 1461 391
2224 2 2 3 1 386 1459 388
2225 2 2 3 1 1357 1742 936
2226 2 2 3 1 900 1045 899
2227 2 2 3 1 554 1461 873
2228 2 2 3 1 382 385 384
2229 2 2 3 1 921 1151 922
2230 2 2 3 1 819 1454 705
2231 2 2 3 1 219 1499 32
2232 2 2 3 1 753 921 752
2233 2 2 3 1 633 761 703
2234 2 2 3 1 313 316 315
2235 2 2 3 1 523 1497 1233
2236 2 2 3 1 667 1463 574
2237 2 2 3 1 385 386 384
2238 2 2 3 1 801 904 800
2239 2 2 3 1 874 1040 1039
2240 2 2 3 1 1318 1495 1319
2241 2 2 3 1 1239 1459 838
2242 2 2 3 1 1471 1472 959
2243 2 2 3 1 391 1461 554
2244 2 2 3 1 957 1473 1470
2245 2 2 3 1 904 914 800
2246 2 2 3 1 1473 1481 853
2247 2 2 3 1 609 610 605
2248 2 2 3 1 790 1121 980
2249 2 2 3 1 525 633 632
2250 2 2 3 1 705 706 676
2251 2 2 3 1 706 799 676
2252 2 2 3 1 623 662 661
2253 2 2 3 1 340 1520 342
2254 2 2 3 1 1677 1786 944
2255 2 2 3 1 675 676 662
2256 2 2 3 1 515 516 399
2257 2 2 3 1 800 1475 799
2258 2 2 3 1 706 800 799
2259 2 2 3 1 706 1454 801
2260 2 2 3 1 838 1459 441
2261 2 2 3 1 1112 1691 937
2262 2 2 3 1 232 1749 1162
2263 2 2 3 1 383 874 452
2264 2 2 3 1 970 1006 783
2265 2 2 3 1 705 1454 706
2266 2 2 3 1 742 798 448
2267 2 2 3 1 377 440 378
2268 2 2 3 1 1600 1703 261
2269 2 2 3 1 576 1476 667
2270 2 2 3 1 378 379 376
2271 2 2 3 1 1110 1799 1641
2272 2 2 3 1 580 1476 576
2273 2 2 3 1 382 384 383
2274 2 2 3 1 621 623 622
2275 2 2 3 1 375 448 373
2276 2 2 3 1 374 377 376
2277 2 2 3 1 809 813 812
2278 2 2 3 1 390 1485 393
2279 2 2 3 1 1195 1790 660
2280 2 2 3 1 664 739 710
2281 2 2 3 1 914 1475 800
2282 2 2 3 1 380 382 381
2283 2 2 3 1 243 1482 43
2284 2 2 3 1 1002 1119 986
2285 2 2 3 1 378 380 379
2286 2 2 3 1 382 383 381
2287 2 2 3 1 922 1476 752
2288 2 2 3 1 380 381 379
2289 2 2 3 1 395 1486 1461
2290 2 2 3 1 397 1486 395
2291 2 2 3 1 968 1525 894
2292 2 2 3 1 662 1484 661
2293 2 2 3 1 653 1509 655
2294 2 2 3 1 873 1486 1283
2295 2 2 3 1 1011 1756 1125
2296 2 2 3 1 742 966 933
2297 2 2 3 1 734 736 601
2298 2 2 3 1 752 1476 580
2299 2 2 3 1 1268 1491 698
2300 2 2 3 1 1461 1486 873
2301 2 2 3 1 753 1478 921
2302 2 2 3 1 623 661 622
2303 2 2 3 1 377 378 376
2304 2 2 3 1 661 820 622
2305 2 2 3 1 968 1529 1525
2306 2 2 3 1 1295 1584 774
2307 2 2 3 1 1061 1786 1059
2308 2 2 3 1 841 1004 776
2309 2 2 3 1 633 703 632
2310 2 2 3 1 1316 1632 784
2311 2 2 3 1 761 790 703
2312 2 2 3 1 183 1237 237
2313 2 2 3 1 632 657 526
2314 2 2 3 1 783 1478 753
2315 2 2 3 1 790 791 703
2316 2 2 3 1 980 1024 791
2317 2 2 3 1 958 1481 1473
2318 2 2 3 1 886 1002 986
2319 2 2 3 1 1501 1502 1381
2320 2 2 3 1 1084 1086 1085
2321 2 2 3 1 1459 1485 388
2322 2 2 3 1 387 1480 384
2323 2 2 3 1 1462 1514 522
2324 2 2 3 1 1046 1739 1047
2325 2 2 3 1 742 933 798
2326 2 2 3 1 768 1507 566
2327 2 2 3 1 895 1531 1164
2328 2 2 3 1 234 1670 23
2329 2 2 3 1 698 1506 1394
2330 2 2 3 1 319 321 320
2331 2 2 3 1 564 1507 672
2332 2 2 3 1 552 906 553
2333 2 2 3 1 507 1513 634
2334 2 2 3 1 966 989 933
2335 2 2 3 1 517 518 516
2336 2 2 3 1 358 903 356
2337 2 2 3 1 886 986 820
2338 2 2 3 1 645 1500 590
2339 2 2 3 1 1239 1485 1459
2340 2 2 3 1 661 886 820
2341 2 2 3 1 397 1503 1486
2342 2 2 3 1 1485 1501 393
2343 2 2 3 1 894 1518 1397
2344 2 2 3 1 1428 1508 1296
2345 2 2 3 1 1018 1662 1048
2346 2 2 3 1 388 1485 390
2347 2 2 3 1 1608 1761 259
2348 2 2 3 1 393 1501 1381
2349 2 2 3 1 383 1480 874
2350 2 2 3 1 525 526 524
2351 2 2 3 1 790 980 791
2352 2 2 3 1 676 1484 662
2353 2 2 3 1 525 632 526
2354 2 2 3 1 1334 1763 1035
2355 2 2 3 1 1006 1478 783
2356 2 2 3 1 1102 1104 1103
2357 2 2 3 1 884 1479 841
2358 2 2 3 1 375 742 448
2359 2 2 3 1 647 663 648
2360 2 2 3 1 519 520 518
2361 2 2 3 1 1127 1554 669
2362 2 2 3 1 321 323 322
2363 2 2 3 1 384 1480 383
2364 2 2 3 1 370 371 368
2365 2 2 3 1 1317 1495 1318
2366 2 2 3 1 1152 1512 922
2367 2 2 3 1 342 344 343
2368 2 2 3 1 661 1484 886
2369 2 2 3 1 369 399 370
2370 2 2 3 1 971 1536 1472
2371 2 2 3 1 1507 1523 1249
2372 2 2 3 1 621 622 620
2373 2 2 3 1 530 551 528
2374 2 2 3 1 256 1189 1188
2375 2 2 3 1 608 621 620
2376 2 2 3 1 620 744 607
2377 2 2 3 1 715 717 716
2378 2 2 3 1 799 1484 676
2379 2 2 3 1 1512 1528 1432
2380 2 2 3 1 902 1551 878
2381 2 2 3 1 363 443 361
2382 2 2 3 1 889 1523 1513
2383 2 2 3 1 1283 1503 1282
2384 2 2 3 1 1486 1503 1283
2385 2 2 3 1 945 946 943
2386 2 2 3 1 374 376 375
2387 2 2 3 1 1218 1702 1217
2388 2 2 3 1 1050 1528 1165
2389 2 2 3 1 906 1437 553
2390 2 2 3 1 372 374 373
2391 2 2 3 1 1239 1501 1485
2392 2 2 3 1 370 372 371
2393 2 2 3 1 523 525 524
2394 2 2 3 1 584 585 443
2395 2 2 3 1 374 375 373
2396 2 2 3 1 366 369 368
2397 2 2 3 1 372 373 371
2398 2 2 3 1 1240 1502 1501
2399 2 2 3 1 606 608 607
2400 2 2 3 1 1039 1539 452
2401 2 2 3 1 1276 1493 371
2402 2 2 3 1 788 899 759
2403 2 2 3 1 638 1529 653
2404 2 2 3 1 523 524 522
2405 2 2 3 1 600 644 591
2406 2 2 3 1 757 1012 746
2407 2 2 3 1 1110 1540 931
2408 2 2 3 1 521 1497 520
2409 2 2 3 1 372 1483 1447
2410 2 2 3 1 338 339 337
2411 2 2 3 1 1205 1530 1206
2412 2 2 3 1 520 523 522
2413 2 2 3 1 761 1490 790
2414 2 2 3 1 214 1585 126
2415 2 2 3 1 520 522 518
2416 2 2 3 1 1394 1506 1480
2417 2 2 3 1 941 1102 1101
2418 2 2 3 1 32 1499 31
2419 2 2 3 1 588 599 591
2420 2 2 3 1 1189 1191 1190
2421 2 2 3 1 534 582 532
2422 2 2 3 1 369 370 368
2423 2 2 3 1 882 1532 968
2424 2 2 3 1 599 606 600
2425 2 2 3 1 1026 1046 1027
2426 2 2 3 1 516 704 399
2427 2 2 3 1 1240 1501 1239
2428 2 2 3 1 774 1549 772
2429 2 2 3 1 362 365 364
2430 2 2 3 1 776 1490 761
2431 2 2 3 1 586 587 585
2432 2 2 3 1 608 620 607
2433 2 2 3 1 588 589 587
2434 2 2 3 1 1545 1548 972
2435 2 2 3 1 894 1525 1518
2436 2 2 3 1 1141 1237 184
2437 2 2 3 1 1154 1568 1098
2438 2 2 3 1 1381 1502 865
2439 2 2 3 1 704 1531 1483
2440 2 2 3 1 1436 1503 397
2441 2 2 3 1 1192 1197 1196
2442 2 2 3 1 399 1483 370
2443 2 2 3 1 841 1479 1004
2444 2 2 3 1 1480 1506 874
2445 2 2 3 1 215 1577 1211
2446 2 2 3 1 379 1496 376
2447 2 2 3 1 834 1139 719
2448 2 2 3 1 742 1496 966
2449 2 2 3 1 370 1483 372
2450 2 2 3 1 520 1497 523
2451 2 2 3 1 452 1522 381
2452 2 2 3 1 606 607 600
2453 2 2 3 1 1433 1516 965
2454 2 2 3 1 903 1521 356
2455 2 2 3 1 327 329 328
2456 2 2 3 1 911 941 940
2457 2 2 3 1 1475 1510 799
2458 2 2 3 1 820 1498 622
2459 2 2 3 1 247 1141 185
2460 2 2 3 1 1169 1669 1640
2461 2 2 3 1 1513 1523 965
2462 2 2 3 1 1102 1103 1101
2463 2 2 3 1 379 1522 1496
2464 2 2 3 1 1004 1490 776
2465 2 2 3 1 655 1509 777
2466 2 2 3 1 366 367 364
2467 2 2 3 1 588 591 589
2468 2 2 3 1 1106 1150 821
2469 2 2 3 1 566 1507 564
2470 2 2 3 1 975 1508 1428
2471 2 2 3 1 368 1493 367
2472 2 2 3 1 1199 1201 1200
2473 2 2 3 1 612 613 610
2474 2 2 3 1 1196 1527 1195
2475 2 2 3 1 634 1541 506
2476 2 2 3 1 592 1572 1543
2477 2 2 3 1 586 588 587
2478 2 2 3 1 363 584 443
2479 2 2 3 1 1496 1522 966
2480 2 2 3 1 1249 1523 889
2481 2 2 3 1 874 1506 1040
2482 2 2 3 1 216 1677 1159
2483 2 2 3 1 599 600 591
2484 2 2 3 1 553 1437 805
2485 2 2 3 1 584 901 586
2486 2 2 3 1 1197 1199 1198
2487 2 2 3 1 1483 1531 1447
2488 2 2 3 1 375 1496 742
2489 2 2 3 1 799 1510 1484
2490 2 2 3 1 365 366 364
2491 2 2 3 1 1503 1518 1282
2492 2 2 3 1 1484 1510 886
2493 2 2 3 1 772 1548 773
2494 2 2 3 1 1100 1688 1099
2495 2 2 3 1 727 1545 972
2496 2 2 3 1 376 1496 375
2497 2 2 3 1 366 368 367
2498 2 2 3 1 1035 1763 1036
2499 2 2 3 1 354 355 353
2500 2 2 3 1 1078 1083 1082
2501 2 2 3 1 584 586 585
2502 2 2 3 1 260 1551 1352
2503 2 2 3 1 371 1493 368
2504 2 2 3 1 805 1437 988
2505 2 2 3 1 1532 1536 777
2506 2 2 3 1 667 1512 1432
2507 2 2 3 1 1017 1723 1052
2508 2 2 3 1 889 1513 507
2509 2 2 3 1 622 1498 620
2510 2 2 3 1 528 1494 521
2511 2 2 3 1 352 353 351
2512 2 2 3 1 344 346 345
2513 2 2 3 1 620 1498 744
2514 2 2 3 1 704 1483 399
2515 2 2 3 1 39 1555 280
2516 2 2 3 1 224 1555 40
2517 2 2 3 1 186 1088 247
2518 2 2 3 1 589 1489 592
2519 2 2 3 1 1513 1516 634
2520 2 2 3 1 886 1510 1002
2521 2 2 3 1 1009 1747 1010
2522 2 2 3 1 941 1101 940
2523 2 2 3 1 739 760 740
2524 2 2 3 1 125 1585 272
2525 2 2 3 1 673 911 891
2526 2 2 3 1 1436 1518 1503
2527 2 2 3 1 340 341 339
2528 2 2 3 1 1092 1488 1133
2529 2 2 3 1 352 354 353
2530 2 2 3 1 795 1122 1014
2531 2 2 3 1 355 356 353
2532 2 2 3 1 483 1520 340
2533 2 2 3 1 252 1657 1093
2534 2 2 3 1 644 1489 591
2535 2 2 3 1 551 1494 528
2536 2 2 3 1 1397 1518 1436
2537 2 2 3 1 350 352 351
2538 2 2 3 1 968 1532 1509
2539 2 2 3 1 175 216 174
2540 2 2 3 1 350 351 349
2541 2 2 3 1 1494 1497 521
2542 2 2 3 1 772 1549 1548
2543 2 2 3 1 342 343 341
2544 2 2 3 1 1476 1512 667
2545 2 2 3 1 592 1543 593
2546 2 2 3 1 591 1489 589
2547 2 2 3 1 1551 1648 878
2548 2 2 3 1 338 1795 483
2549 2 2 3 1 550 1710 548
2550 2 2 3 1 744 1504 607
2551 2 2 3 1 355 360 357
2552 2 2 3 1 965 1523 768
2553 2 2 3 1 309 310 308
2554 2 2 3 1 1277 1559 1493
2555 2 2 3 1 1282 1525 701
2556 2 2 3 1 1029 1645 1116
2557 2 2 3 1 922 1512 1476
2558 2 2 3 1 614 649 613
2559 2 2 3 1 883 1550 810
2560 2 2 3 1 813 815 814
2561 2 2 3 1 1525 1529 701
2562 2 2 3 1 362 364 363
2563 2 2 3 1 348 350 349
2564 2 2 3 1 1059 1677 216
2565 2 2 3 1 650 711 649
2566 2 2 3 1 828 1653 1401
2567 2 2 3 1 1045 1117 899
2568 2 2 3 1 600 1504 644
2569 2 2 3 1 1327 1737 1030
2570 2 2 3 1 249 1232 190
2571 2 2 3 1 1012 1553 746
2572 2 2 3 1 736 930 907
2573 2 2 3 1 1232 1778 1096
2574 2 2 3 1 896 1563 1053
2575 2 2 3 1 251 1097 188
2576 2 2 3 1 911 940 891
2577 2 2 3 1 205 1126 283
2578 2 2 3 1 351 583 349
2579 2 2 3 1 335 337 336
2580 2 2 3 1 213 1149 1062
2581 2 2 3 1 965 1516 1513
2582 2 2 3 1 971 1545 1536
2583 2 2 3 1 701 1529 638
2584 2 2 3 1 530 1505 551
2585 2 2 3 1 1518 1525 1282
2586 2 2 3 1 381 1522 379
2587 2 2 3 1 1432 1528 1050
2588 2 2 3 1 8 1096 251
2589 2 2 3 1 891 1068 796
2590 2 2 3 1 362 363 361
2591 2 2 3 1 177 213 5
2592 2 2 3 1 359 362 361
2593 2 2 3 1 1190 1575 1188
2594 2 2 3 1 1509 1532 777
2595 2 2 3 1 987 1534 1498
2596 2 2 3 1 532 1505 530
2597 2 2 3 1 607 1504 600
2598 2 2 3 1 929 1535 1106
2599 2 2 3 1 187 1097 1088
2600 2 2 3 1 172 233 171
2601 2 2 3 1 538 615 536
2602 2 2 3 1 346 348 347
2603 2 2 3 1 917 1630 1303
2604 2 2 3 1 673 796 663
2605 2 2 3 1 88 1569 87
2606 2 2 3 1 1585 1698 272
2607 2 2 3 1 522 1514 518
2608 2 2 3 1 251 1098 1097
2609 2 2 3 1 927 1675 1455
2610 2 2 3 1 815 823 816
2611 2 2 3 1 898 1532 882
2612 2 2 3 1 359 361 358
2613 2 2 3 1 1182 1623 1179
2614 2 2 3 1 1245 1698 1104
2615 2 2 3 1 344 345 343
2616 2 2 3 1 211 1089 248
2617 2 2 3 1 826 945 943
2618 2 2 3 1 348 349 347
2619 2 2 3 1 357 359 358
2620 2 2 3 1 518 1514 516
2621 2 2 3 1 1643 1735 1051
2622 2 2 3 1 588 1511 599
2623 2 2 3 1 898 1536 1532
2624 2 2 3 1 664 1542 739
2625 2 2 3 1 176 1059 175
2626 2 2 3 1 1096 1154 251
2627 2 2 3 1 516 1514 704
2628 2 2 3 1 736 907 601
2629 2 2 3 1 582 1505 532
2630 2 2 3 1 250 1107 165
2631 2 2 3 1 1000 1702 977
2632 2 2 3 1 1054 1750 1308
2633 2 2 3 1 673 891 796
2634 2 2 3 1 823 977 824
2635 2 2 3 1 601 1537 354
2636 2 2 3 1 147 1631 1173
2637 2 2 3 1 304 306 305
2638 2 2 3 1 357 358 356
2639 2 2 3 1 1252 1627 1234
2640 2 2 3 1 1246 1524 888
2641 2 2 3 1 178 1060 177
2642 2 2 3 1 173 1067 172
2643 2 2 3 1 1472 1536 898
2644 2 2 3 1 904 1564 914
2645 2 2 3 1 579 928 756
2646 2 2 3 1 189 1232 1096
2647 2 2 3 1 355 357 356
2648 2 2 3 1 586 1511 588
2649 2 2 3 1 452 1539 1522
2650 2 2 3 1 346 347 345
2651 2 2 3 1 1447 1531 895
2652 2 2 3 1 380 1582 1236
2653 2 2 3 1 191 1093 249
2654 2 2 3 1 1543 1572 911
2655 2 2 3 1 988 1562 807
2656 2 2 3 1 901 1511 586
2657 2 2 3 1 853 1583 765
2658 2 2 3 1 542 1547 552
2659 2 2 3 1 797 1583 1131
2660 2 2 3 1 1025 1026 950
2661 2 2 3 1 180 230 179
2662 2 2 3 1 1047 1777 1595
2663 2 2 3 1 300 1037 285
2664 2 2 3 1 563 1720 1329
2665 2 2 3 1 121 1587 120
2666 2 2 3 1 367 1517 364
2667 2 2 3 1 971 1548 1545
2668 2 2 3 1 245 1524 1246
2669 2 2 3 1 647 673 663
2670 2 2 3 1 355 1537 360
2671 2 2 3 1 584 1517 901
2672 2 2 3 1 915 1586 927
2673 2 2 3 1 539 1547 542
2674 2 2 3 1 712 714 711
2675 2 2 3 1 1498 1534 744
2676 2 2 3 1 1118 1784 275
2677 2 2 3 1 227 1784 1118
2678 2 2 3 1 656 1783 1344
2679 2 2 3 1 1344 1783 730
2680 2 2 3 1 506 1541 730
2681 2 2 3 1 930 995 907
2682 2 2 3 1 363 1517 584
2683 2 2 3 1 1531 1567 1164
2684 2 2 3 1 534 1526 582
2685 2 2 3 1 367 1559 1517
2686 2 2 3 1 1162 1749 910
2687 2 2 3 1 552 1227 906
2688 2 2 3 1 254 1593 1090
2689 2 2 3 1 966 1539 989
2690 2 2 3 1 1048 1213 920
2691 2 2 3 1 216 1058 174
2692 2 2 3 1 907 1537 601
2693 2 2 3 1 725 1682 1328
2694 2 2 3 1 183 237 182
2695 2 2 3 1 1517 1559 901
2696 2 2 3 1 181 1225 180
2697 2 2 3 1 1536 1545 777
2698 2 2 3 1 265 1631 148
2699 2 2 3 1 313 315 312
2700 2 2 3 1 596 603 602
2701 2 2 3 1 311 312 310
2702 2 2 3 1 364 1517 363
2703 2 2 3 1 719 721 720
2704 2 2 3 1 1522 1539 966
2705 2 2 3 1 777 1545 727
2706 2 2 3 1 1066 1570 244
2707 2 2 3 1 853 1774 1583
2708 2 2 3 1 353 1521 351
2709 2 2 3 1 784 1732 1316
2710 2 2 3 1 1080 1081 1079
2711 2 2 3 1 354 1537 355
2712 2 2 3 1 715 716 714
2713 2 2 3 1 213 1061 5
2714 2 2 3 1 773 1548 971
2715 2 2 3 1 536 1526 534
2716 2 2 3 1 972 1549 973
2717 2 2 3 1 378 1582 380
2718 2 2 3 1 347 439 345
2719 2 2 3 1 1188 1672 1187
2720 2 2 3 1 359 1612 1224
2721 2 2 3 1 1366 1551 260
2722 2 2 3 1 552 1547 1227
2723 2 2 3 1 991 992 317
2724 2 2 3 1 945 1007 946
2725 2 2 3 1 663 1542 664
2726 2 2 3 1 1244 1615 225
2727 2 2 3 1 169 244 168
2728 2 2 3 1 1168 1639 163
2729 2 2 3 1 739 910 760
2730 2 2 3 1 184 1237 183
2731 2 2 3 1 35 1598 279
2732 2 2 3 1 228 1598 36
2733 2 2 3 1 1709 1749 232
2734 2 2 3 1 1199 1203 1201
2735 2 2 3 1 910 1001 760
2736 2 2 3 1 822 1580 1515
2737 2 2 3 1 1084 1085 1081
2738 2 2 3 1 1165 1668 280
2739 2 2 3 1 254 1089 212
2740 2 2 3 1 254 1090 1089
2741 2 2 3 1 40 1555 39
2742 2 2 3 1 1052 1723 1705
2743 2 2 3 1 138 1662 137
2744 2 2 3 1 1008 1761 1608
2745 2 2 3 1 948 1025 950
2746 2 2 3 1 7 1107 254
2747 2 2 3 1 186 247 185
2748 2 2 3 1 1548 1549 972
2749 2 2 3 1 233 1064 171
2750 2 2 3 1 906 1787 1437
2751 2 2 3 1 341 459 339
2752 2 2 3 1 162 1639 266
2753 2 2 3 1 1156 1599 892
2754 2 2 3 1 1184 1603 1515
2755 2 2 3 1 185 1141 184
2756 2 2 3 1 809 1562 813
2757 2 2 3 1 211 248 210
2758 2 2 3 1 191 249 190
2759 2 2 3 1 739 1542 910
2760 2 2 3 1 319 320 316
2761 2 2 3 1 1626 1683 598
2762 2 2 3 1 230 1069 179
2763 2 2 3 1 899 1117 1005
2764 2 2 3 1 1228 1787 906
2765 2 2 3 1 166 250 165
2766 2 2 3 1 8 251 188
2767 2 2 3 1 863 1601 1413
2768 2 2 3 1 1077 1078 1076
2769 2 2 3 1 356 1521 353
2770 2 2 3 1 673 1543 911
2771 2 2 3 1 615 1526 536
2772 2 2 3 1 329 598 328
2773 2 2 3 1 335 336 333
2774 2 2 3 1 884 1577 1479
2775 2 2 3 1 1122 1123 1014
2776 2 2 3 1 1213 1589 920
2777 2 2 3 1 187 1088 186
2778 2 2 3 1 1210 1795 334
2779 2 2 3 1 1251 1617 1250
2780 2 2 3 1 719 720 717
2781 2 2 3 1 321 322 320
2782 2 2 3 1 969 1627 1051
2783 2 2 3 1 351 1521 583
2784 2 2 3 1 547 597 544
2785 2 2 3 1 1354 1606 1355
2786 2 2 3 1 327 328 325
2787 2 2 3 1 30 1647 269
2788 2 2 3 1 593 1543 647
2789 2 2 3 1 596 602 549
2790 2 2 3 1 1301 1608 1298
2791 2 2 3 1 1297 1608 259
2792 2 2 3 1 1309 1650 1054
2793 2 2 3 1 1592 1670 234
2794 2 2 3 1 1093 1231 249
2795 2 2 3 1 1563 1680 1349
2796 2 2 3 1 1082 1792 1226
2797 2 2 3 1 1366 1648 1551
2798 2 2 3 1 923 1611 996
2799 2 2 3 1 188 1097 187
2800 2 2 3 1 608 1616 621
2801 2 2 3 1 1162 1744 1068
2802 2 2 3 1 323 919 322
2803 2 2 3 1 579 1558 928
2804 2 2 3 1 807 1562 809
2805 2 2 3 1 1002 1587 1119
2806 2 2 3 1 190 1232 189
2807 2 2 3 1 22 1660 21
2808 2 2 3 1 189 1096 8
2809 2 2 3 1 1078 1130 1083
2810 2 2 3 1 252 1093 192
2811 2 2 3 1 237 1072 182
2812 2 2 3 1 268 1695 1303
2813 2 2 3 1 813 1016 815
2814 2 2 3 1 796 1542 663
2815 2 2 3 1 230 1071 1070
2816 2 2 3 1 935 1563 896
2817 2 2 3 1 823 1000 977
2818 2 2 3 1 1493 1559 367
2819 2 2 3 1 674 1619 675
2820 2 2 3 1 1003 1635 932
2821 2 2 3 1 1109 1625 1246
2822 2 2 3 1 914 1741 1475
2823 2 2 3 1 1025 1210 1026
2824 2 2 3 1 1516 1649 634
2825 2 2 3 1 212 1089 211
2826 2 2 3 1 165 1107 7
2827 2 2 3 1 1462 1567 1514
2828 2 2 3 1 1036 1621 1384
2829 2 2 3 1 891 1571 1068
2830 2 2 3 1 976 1564 904
2831 2 2 3 1 695 1622 828
2832 2 2 3 1 1652 1679 930
2833 2 2 3 1 982 1778 1232
2834 2 2 3 1 583 1544 349
2835 2 2 3 1 1075 1076 1073
2836 2 2 3 1 726 1624 654
2837 2 2 3 1 1086 1707 1688
2838 2 2 3 1 738 822 720
2839 2 2 3 1 1321 1632 1320
2840 2 2 3 1 1315 1632 1316
2841 2 2 3 1 1090 1091 1089
2842 2 2 3 1 237 1074 1073
2843 2 2 3 1 721 743 738
2844 2 2 3 1 888 1524 887
2845 2 2 3 1 770 1630 917
2846 2 2 3 1 758 887 757
2847 2 2 3 1 756 757 746
2848 2 2 3 1 1103 1698 1585
2849 2 2 3 1 7 254 212
2850 2 2 3 1 1353 1634 231
2851 2 2 3 1 192 1093 191
2852 2 2 3 1 337 579 336
2853 2 2 3 1 349 1544 347
2854 2 2 3 1 244 1087 168
2855 2 2 3 1 758 888 887
2856 2 2 3 1 1305 1569 88
2857 2 2 3 1 1564 1686 220
2858 2 2 3 1 647 1543 673
2859 2 2 3 1 987 1615 1534
2860 2 2 3 1 1330 1638 63
2861 2 2 3 1 62 1638 238
2862 2 2 3 1 958 1621 1481
2863 2 2 3 1 963 1622 1464
2864 2 2 3 1 756 758 757
2865 2 2 3 1 605 660 603
2866 2 2 3 1 115 1645 114
2867 2 2 3 1 1029 1737 1645
2868 2 2 3 1 1697 1779 303
2869 2 2 3 1 213 1062 1061
2870 2 2 3 1 1098 1099 1097
2871 2 2 3 1 813 1562 1016
2872 2 2 3 1 876 1648 908
2873 2 2 3 1 345 1546 343
2874 2 2 3 1 1482 1664 42
2875 2 2 3 1 1077 1519 1078
2876 2 2 3 1 316 1561 315
2877 2 2 3 1 132 1709 131
2878 2 2 3 1 1054 1650 793
2879 2 2 3 1 707 1650 963
2880 2 2 3 1 911 1572 941
2881 2 2 3 1 193 252 192
2882 2 2 3 1 209 253 208
2883 2 2 3 1 226 1653 1307
2884 2 2 3 1 992 1591 317
2885 2 2 3 1 193 1230 252
2886 2 2 3 1 230 1070 1069
2887 2 2 3 1 308 314 306
2888 2 2 3 1 1583 1774 1311
2889 2 2 3 1 1360 1753 226
2890 2 2 3 1 1074 1079 1075
2891 2 2 3 1 1002 1681 1587
2892 2 2 3 1 999 1664 1482
2893 2 2 3 1 1213 1654 261
2894 2 2 3 1 880 1601 1333
2895 2 2 3 1 811 1665 1147
2896 2 2 3 1 1113 1764 264
2897 2 2 3 1 1007 1557 946
2898 2 2 3 1 1499 1647 31
2899 2 2 3 1 1511 1597 729
2900 2 2 3 1 1514 1567 704
2901 2 2 3 1 579 756 746
2902 2 2 3 1 304 305 302
2903 2 2 3 1 991 1114 992
2904 2 2 3 1 1675 1773 1455
2905 2 2 3 1 41 1664 224
2906 2 2 3 1 334 1795 335
2907 2 2 3 1 579 746 336
2908 2 2 3 1 940 1571 891
2909 2 2 3 1 1341 1633 1344
2910 2 2 3 1 835 1666 863
2911 2 2 3 1 774 1584 1549
2912 2 2 3 1 1495 1689 1319
2913 2 2 3 1 614 1602 778
2914 2 2 3 1 743 754 738
2915 2 2 3 1 883 1590 1550
2916 2 2 3 1 1156 1773 277
2917 2 2 3 1 613 789 610
2918 2 2 3 1 909 1778 982
2919 2 2 3 1 598 795 794
2920 2 2 3 1 1078 1519 1130
2921 2 2 3 1 1489 1572 592
2922 2 2 3 1 1053 1750 1054
2923 2 2 3 1 1163 1576 440
2924 2 2 3 1 791 1643 703
2925 2 2 3 1 1168 1727 292
2926 2 2 3 1 333 1553 331
2927 2 2 3 1 606 1644 608
2928 2 2 3 1 822 1603 1565
2929 2 2 3 1 795 1014 1013
2930 2 2 3 1 598 794 328
2931 2 2 3 1 1651 1798 1006
2932 2 2 3 1 717 1565 716
2933 2 2 3 1 290 1726 1173
2934 2 2 3 1 541 1791 540
2935 2 2 3 1 1164 1618 1251
2936 2 2 3 1 1041 1596 1258
2937 2 2 3 1 946 1557 948
2938 2 2 3 1 704 1567 1531
2939 2 2 3 1 1322 1682 1323
2940 2 2 3 1 1573 1711 305
2941 2 2 3 1 1328 1682 1325
2942 2 2 3 1 347 1544 439
2943 2 2 3 1 1034 1139 834
2944 2 2 3 1 248 1094 210
2945 2 2 3 1 315 990 317
2946 2 2 3 1 941 1594 1102
2947 2 2 3 1 323 1556 919
2948 2 2 3 1 632 1643 657
2949 2 2 3 1 280 1668 1363
2950 2 2 3 1 194 1230 193
2951 2 2 3 1 1534 1628 744
2952 2 2 3 1 1042 1596 1041
2953 2 2 3 1 250 1723 1148
2954 2 2 3 1 721 738 720
2955 2 2 3 1 1437 1701 988
2956 2 2 3 1 765 1583 797
2957 2 2 3 1 1662 1708 255
2958 2 2 3 1 1075 1077 1076
2959 2 2 3 1 1145 1755 1581
2960 2 2 3 1 1329 1720 1328
2961 2 2 3 1 237 1073 1072
2962 2 2 3 1 439 1546 345
2963 2 2 3 1 961 1577 884
2964 2 2 3 1 440 1582 378
2965 2 2 3 1 1295 1689 1495
2966 2 2 3 1 910 1744 1162
2967 2 2 3 1 268 1687 84
2968 2 2 3 1 1107 1593 254
2969 2 2 3 1 919 1018 920
2970 2 2 3 1 1576 1582 440
2971 2 2 3 1 975 1656 1508
2972 2 2 3 1 339 1558 337
2973 2 2 3 1 917 1586 915
2974 2 2 3 1 540 1791 1530
2975 2 2 3 1 320 1561 316
2976 2 2 3 1 288 1492 1144
2977 2 2 3 1 716 984 983
2978 2 2 3 1 795 1013 794
2979 2 2 3 1 274 1596 1346
2980 2 2 3 1 798 1673 1003
2981 2 2 3 1 1231 1694 249
2982 2 2 3 1 1116 1686 994
2983 2 2 3 1 1085 1229 1081
2984 2 2 3 1 120 1587 240
2985 2 2 3 1 881 1690 786
2986 2 2 3 1 785 1690 936
2987 2 2 3 1 325 1556 323
2988 2 2 3 1 252 1747 1657
2989 2 2 3 1 612 1758 1602
2990 2 2 3 1 919 920 322
2991 2 2 3 1 1303 1630 1302
2992 2 2 3 1 315 317 312
2993 2 2 3 1 126 1585 125
2994 2 2 3 1 711 728 649
2995 2 2 3 1 615 1751 1207
2996 2 2 3 1 1597 1635 729
2997 2 2 3 1 1364 1695 82
2998 2 2 3 1 83 1695 268
2999 2 2 3 1 1098 1568 1100
3000 2 2 3 1 1074 1075 1073
3001 2 2 3 1 716 983 714
3002 2 2 3 1 1242 1595 233
3003 2 2 3 1 1491 1718 1040
3004 2 2 3 1 1016 1716 1566
3005 2 2 3 1 795 1683 1122
3006 2 2 3 1 1102 1605 1104
3007 2 2 3 1 1316 1732 1317
3008 2 2 3 1 1565 1603 984
3009 2 2 3 1 166 1705 250
3010 2 2 3 1 357 1612 359
3011 2 2 3 1 1018 1048 920
3012 2 2 3 1 549 1560 547
3013 2 2 3 1 1184 1796 1603
3014 2 2 3 1 948 1557 1025
3015 2 2 3 1 1519 1748 595
3016 2 2 3 1 720 1565 717
3017 2 2 3 1 1560 1788 1204
3018 2 2 3 1 990 991 317
3019 2 2 3 1 1444 1742 1306
3020 2 2 3 1 1158 1652 817
3021 2 2 3 1 337 1558 579
3022 2 2 3 1 526 1696 651
3023 2 2 3 1 146 1726 4
3024 2 2 3 1 4 1726 145
3025 2 2 3 1 1 1727 164
3026 2 2 3 1 9 1727 1
3027 2 2 3 1 228 1759 1151
3028 2 2 3 1 1594 1605 1102
3029 2 2 3 1 1130 1581 1083
3030 2 2 3 1 637 1720 563
3031 2 2 3 1 3 1728 68
3032 2 2 3 1 87 1728 3
3033 2 2 3 1 86 1729 2
3034 2 2 3 1 2 1729 67
3035 2 2 3 1 291 1729 1299
3036 2 2 3 1 1671 1760 945
3037 2 2 3 1 1515 1603 822
3038 2 2 3 1 1357 1793 1356
3039 2 2 3 1 559 1730 560
3040 2 2 3 1 1418 1770 1042
3041 2 2 3 1 263 1230 194
3042 2 2 3 1 1306 1742 235
3043 2 2 3 1 1279 1762 993
3044 2 2 3 1 1528 1668 1165
3045 2 2 3 1 977 1671 824
3046 2 2 3 1 1308 1750 276
3047 2 2 3 1 116 1769 115
3048 2 2 3 1 195 263 194
3049 2 2 3 1 207 264 206
3050 2 2 3 1 1154 1778 909
3051 2 2 3 1 275 1784 52
3052 2 2 3 1 51 1784 227
3053 2 2 3 1 779 1732 784
3054 2 2 3 1 1049 1733 997
3055 2 2 3 1 502 1783 656
3056 2 2 3 1 329 1626 598
3057 2 2 3 1 730 1783 504
3058 2 2 3 1 244 1570 1087
3059 2 2 3 1 1183 1796 1184
3060 2 2 3 1 478 1760 1218
3061 2 2 3 1 654 1771 652
3062 2 2 3 1 336 1553 333
3063 2 2 3 1 1098 1100 1099
3064 2 2 3 1 1034 1694 1231
3065 2 2 3 1 815 1566 823
3066 2 2 3 1 899 1005 759
3067 2 2 3 1 1433 1674 1516
3068 2 2 3 1 602 1560 549
3069 2 2 3 1 1258 1596 274
3070 2 2 3 1 1328 1720 725
3071 2 2 3 1 822 1565 720
3072 2 2 3 1 1119 1717 986
3073 2 2 3 1 547 1560 597
3074 2 2 3 1 328 1556 325
3075 2 2 3 1 315 1561 990
3076 2 2 3 1 1587 1681 240
3077 2 2 3 1 459 1558 339
3078 2 2 3 1 1478 1700 1153
3079 2 2 3 1 139 1654 138
3080 2 2 3 1 36 1598 35
3081 2 2 3 1 1019 1652 930
3082 2 2 3 1 1333 1601 1332
3083 2 2 3 1 1064 1777 1065
3084 2 2 3 1 1277 1597 1559
3085 2 2 3 1 1549 1584 973
3086 2 2 3 1 716 1565 984
3087 2 2 3 1 1277 1635 1597
3088 2 2 3 1 1559 1597 901
3089 2 2 3 1 253 1113 208
3090 2 2 3 1 1526 1767 1038
3091 2 2 3 1 823 1566 1000
3092 2 2 3 1 1489 1594 1572
3093 2 2 3 1 892 1599 981
3094 2 2 3 1 1011 1552 1045
3095 2 2 3 1 1572 1594 941
3096 2 2 3 1 1567 1618 1164
3097 2 2 3 1 651 1618 1462
3098 2 2 3 1 262 1636 1183
3099 2 2 3 1 261 1654 139
3100 2 2 3 1 1016 1566 815
3101 2 2 3 1 196 1124 195
3102 2 2 3 1 197 282 196
3103 2 2 3 1 205 283 204
3104 2 2 3 1 1490 1731 1121
3105 2 2 3 1 1413 1601 880
3106 2 2 3 1 610 1574 605
3107 2 2 3 1 1125 1724 1011
3108 2 2 3 1 1571 1704 1212
3109 2 2 3 1 1550 1665 811
3110 2 2 3 1 1011 1045 900
3111 2 2 3 1 1068 1744 796
3112 2 2 3 1 1036 1763 1314
3113 2 2 3 1 1012 1683 1626
3114 2 2 3 1 1220 1745 928
3115 2 2 3 1 1203 1592 1201
3116 2 2 3 1 1003 1644 1635
3117 2 2 3 1 1030 1676 1329
3118 2 2 3 1 1475 1681 1510
3119 2 2 3 1 995 1629 907
3120 2 2 3 1 746 1553 336
3121 2 2 3 1 644 1594 1489
3122 2 2 3 1 644 1605 1594
3123 2 2 3 1 935 1680 1563
3124 2 2 3 1 1192 1789 1197
3125 2 2 3 1 1665 1792 1147
3126 2 2 3 1 141 1600 140
3127 2 2 3 1 1574 1575 660
3128 2 2 3 1 743 1588 754
3129 2 2 3 1 901 1597 1511
3130 2 2 3 1 1012 1626 1553
3131 2 2 3 1 239 1606 1354
3132 2 2 3 1 1211 1658 271
3133 2 2 3 1 1010 1756 1011
3134 2 2 3 1 310 1578 308
3135 2 2 3 1 263 1756 1230
3136 2 2 3 1 738 1580 822
3137 2 2 3 1 266 1706 1614
3138 2 2 3 1 1230 1756 1010
3139 2 2 3 1 1298 1608 1297
3140 2 2 3 1 439 1794 1140
3141 2 2 3 1 1126 1797 1667
3142 2 2 3 1 1124 1125 263
3143 2 2 3 1 925 1611 923
3144 2 2 3 1 1028 1762 1676
3145 2 2 3 1 195 1124 263
3146 2 2 3 1 605 1574 660
3147 2 2 3 1 1079 1712 1554
3148 2 2 3 1 976 1686 1564
3149 2 2 3 1 1123 1765 1524
3150 2 2 3 1 1527 1790 1195
3151 2 2 3 1 199 286 198
3152 2 2 3 1 203 287 202
3153 2 2 3 1 204 1136 203
3154 2 2 3 1 198 1132 197
3155 2 2 3 1 1158 1679 1652
3156 2 2 3 1 1245 1615 1244
3157 2 2 3 1 759 1588 743
3158 2 2 3 1 826 1671 945
3159 2 2 3 1 1179 1623 1178
3160 2 2 3 1 794 1556 328
3161 2 2 3 1 910 1749 1001
3162 2 2 3 1 1027 1595 1242
3163 2 2 3 1 621 1616 1266
3164 2 2 3 1 1556 1646 919
3165 2 2 3 1 1462 1618 1567
3166 2 2 3 1 1250 1617 1252
3167 2 2 3 1 754 1580 738
3168 2 2 3 1 264 1126 206
3169 2 2 3 1 789 1574 610
3170 2 2 3 1 991 1600 1114
3171 2 2 3 1 1605 1628 1104
3172 2 2 3 1 1023 1620 1022
3173 2 2 3 1 161 1614 160
3174 2 2 3 1 650 1655 712
3175 2 2 3 1 1504 1605 644
3176 2 2 3 1 1668 1759 1363
3177 2 2 3 1 961 1658 1577
3178 2 2 3 1 1578 1579 314
3179 2 2 3 1 308 1578 314
3180 2 2 3 1 1212 1704 214
3181 2 2 3 1 1329 1768 563
3182 2 2 3 1 282 1124 196
3183 2 2 3 1 538 1751 615
3184 2 2 3 1 1577 1658 1211
3185 2 2 3 1 1537 1629 360
3186 2 2 3 1 360 1612 357
3187 2 2 3 1 675 1619 818
3188 2 2 3 1 137 1662 255
3189 2 2 3 1 1349 1680 281
3190 2 2 3 1 233 1595 1064
3191 2 2 3 1 1699 1719 818
3192 2 2 3 1 1344 1770 656
3193 2 2 3 1 1384 1621 958
3194 2 2 3 1 936 1742 1444
3195 2 2 3 1 200 1135 199
3196 2 2 3 1 1620 1663 1592
3197 2 2 3 1 784 1624 726
3198 2 2 3 1 602 1790 1527
3199 2 2 3 1 1230 1747 252
3200 2 2 3 1 21 1660 246
3201 2 2 3 1 1234 1627 969
3202 2 2 3 1 1464 1622 695
3203 2 2 3 1 714 1613 711
3204 2 2 3 1 1676 1762 641
3205 2 2 3 1 1682 1771 1323
3206 2 2 3 1 1015 1764 1113
3207 2 2 3 1 322 1589 320
3208 2 2 3 1 1159 1677 942
3209 2 2 3 1 201 288 6
3210 2 2 3 1 202 1146 201
3211 2 2 3 1 312 1591 310
3212 2 2 3 1 1173 1631 1174
3213 2 2 3 1 887 1693 757
3214 2 2 3 1 1003 1673 1616
3215 2 2 3 1 1730 1762 1279
3216 2 2 3 1 771 1630 770
3217 2 2 3 1 920 1589 322
3218 2 2 3 1 1320 1632 1315
3219 2 2 3 1 1010 1747 1230
3220 2 2 3 1 1553 1626 331
3221 2 2 3 1 928 1745 756
3222 2 2 3 1 1416 1740 1355
3223 2 2 3 1 932 1635 1277
3224 2 2 3 1 331 1626 329
3225 2 2 3 1 1355 1634 1353
3226 2 2 3 1 919 1646 1018
3227 2 2 3 1 634 1649 1541
3228 2 2 3 1 1169 1639 1168
3229 2 2 3 1 197 1132 282
3230 2 2 3 1 283 1136 204
3231 2 2 3 1 1005 1588 759
3232 2 2 3 1 981 1740 1373
3233 2 2 3 1 1592 1663 1201
3234 2 2 3 1 6 1144 200
3235 2 2 3 1 317 1591 312
3236 2 2 3 1 1362 1766 996
3237 2 2 3 1 1028 1676 1030
3238 2 2 3 1 63 1638 62
3239 2 2 3 1 320 1589 1561
3240 2 2 3 1 983 1613 714
3241 2 2 3 1 1199 1734 1203
3242 2 2 3 1 271 1752 1219
3243 2 2 3 1 1455 1773 1156
3244 2 2 3 1 651 1696 1617
3245 2 2 3 1 711 1613 728
3246 2 2 3 1 940 1704 1571
3247 2 2 3 1 148 1631 147
3248 2 2 3 1 1539 1699 989
3249 2 2 3 1 1266 1685 674
3250 2 2 3 1 114 1645 242
3251 2 2 3 1 1301 1746 1386
3252 2 2 3 1 135 1637 134
3253 2 2 3 1 163 1639 162
3254 2 2 3 1 1296 1689 1295
3255 2 2 3 1 803 1701 802
3256 2 2 3 1 1042 1770 1633
3257 2 2 3 1 1340 1649 1343
3258 2 2 3 1 31 1647 30
3259 2 2 3 1 878 1648 876
3260 2 2 3 1 729 1644 606
3261 2 2 3 1 133 1625 132
3262 2 2 3 1 1221 1713 1066
3263 2 2 3 1 1047 1739 1684
3264 2 2 3 1 1030 1737 1029
3265 2 2 3 1 703 1643 632
3266 2 2 3 1 744 1628 1504
3267 2 2 3 1 1558 1641 928
3268 2 2 3 1 713 1679 1158
3269 2 2 3 1 1209 1725 1014
3270 2 2 3 1 85 1687 1299
3271 2 2 3 1 300 1711 1037
3272 2 2 3 1 1530 1791 597
3273 2 2 3 1 306 1714 305
3274 2 2 3 1 988 1642 1562
3275 2 2 3 1 1167 1669 1169
3276 2 2 3 1 793 1650 707
3277 2 2 3 1 1640 1706 266
3278 2 2 3 1 1017 1772 1723
3279 2 2 3 1 794 1646 1556
3280 2 2 3 1 1361 1651 219
3281 2 2 3 1 1615 1717 225
3282 2 2 3 1 286 1132 198
3283 2 2 3 1 203 1136 287
3284 2 2 3 1 1307 1653 1308
3285 2 2 3 1 982 1694 1034
3286 2 2 3 1 1126 1667 283
3287 2 2 3 1 1630 1746 1302
3288 2 2 3 1 603 1790 602
3289 2 2 3 1 974 1656 975
3290 2 2 3 1 1504 1628 1605
3291 2 2 3 1 548 1710 595
3292 2 2 3 1 1116 1769 1686
3293 2 2 3 1 907 1629 1537
3294 2 2 3 1 1673 1685 1266
3295 2 2 3 1 234 1620 1592
3296 2 2 3 1 239 1721 1606
3297 2 2 3 1 1132 1137 282
3298 2 2 3 1 283 1138 1136
3299 2 2 3 1 1581 1755 1083
3300 2 2 3 1 459 1641 1558
3301 2 2 3 1 1664 1733 224
3302 2 2 3 1 1124 1678 1125
3303 2 2 3 1 42 1664 41
3304 2 2 3 1 669 1712 1229
3305 2 2 3 1 1541 1649 1340
3306 2 2 3 1 996 1666 835
3307 2 2 3 1 597 1791 544
3308 2 2 3 1 310 1591 1578
3309 2 2 3 1 1218 1760 1671
3310 2 2 3 1 199 1135 286
3311 2 2 3 1 1020 1658 961
3312 2 2 3 1 1680 1775 281
3313 2 2 3 1 1363 1759 228
3314 2 2 3 1 1070 1665 1550
3315 2 2 3 1 1204 1788 1527
3316 2 2 3 1 1593 1691 1090
3317 2 2 3 1 1579 1607 1177
3318 2 2 3 1 1059 1786 1677
3319 2 2 3 1 818 1719 819
3320 2 2 3 1 287 1146 202
3321 2 2 3 1 1335 1675 236
3322 2 2 3 1 1024 1776 1651
3323 2 2 3 1 1343 1781 1345
3324 2 2 3 1 949 1715 947
3325 2 2 3 1 1586 1675 927
3326 2 2 3 1 1574 1672 1575
3327 2 2 3 1 1065 1684 1066
3328 2 2 3 1 1201 1663 1202
3329 2 2 3 1 1048 1654 1213
3330 2 2 3 1 862 1674 1433
3331 2 2 3 1 1312 1774 1481
3332 2 2 3 1 802 1787 1228
3333 2 2 3 1 1454 1743 985
3334 2 2 3 1 1314 1763 229
3335 2 2 3 1 1051 1735 970
3336 2 2 3 1 824 1671 826
3337 2 2 3 1 984 1636 983
3338 2 2 3 1 1229 1712 1081
3339 2 2 3 1 933 1673 798
3340 2 2 3 1 1651 1776 219
3341 2 2 3 1 23 1670 22
3342 2 2 3 1 1031 1680 935
3343 2 2 3 1 1743 1754 985
3344 2 2 3 1 1332 1766 221
3345 2 2 3 1 1325 1682 1322
3346 2 2 3 1 1296 1785 1689
3347 2 2 3 1 1065 1777 1684
3348 2 2 3 1 1219 1752 1022
3349 2 2 3 1 771 1746 1630
3350 2 2 3 1 1037 1711 1573
3351 2 2 3 1 1013 1646 794
3352 2 2 3 1 1645 1737 242
3353 2 2 3 1 985 1754 1279
3354 2 2 3 1 789 1672 1574
3355 2 2 3 1 561 1768 641
3356 2 2 3 1 789 1782 1538
3357 2 2 3 1 1136 1609 287
3358 2 2 3 1 286 1610 1132
3359 2 2 3 1 918 1716 803
3360 2 2 3 1 1005 1706 1640
3361 2 2 3 1 1437 1787 1701
3362 2 2 3 1 1039 1719 1699
3363 2 2 3 1 933 1685 1673
3364 2 2 3 1 1217 1702 465
3365 2 2 3 1 994 1686 976
3366 2 2 3 1 1152 1668 1528
3367 2 2 3 1 1299 1687 1300
3368 2 2 3 1 84 1687 85
3369 2 2 3 1 1207 1757 1208
3370 2 2 3 1 201 1146 288
3371 2 2 3 1 1562 1642 1016
3372 2 2 3 1 1213 1692 1589
3373 2 2 3 1 131 1709 232
3374 2 2 3 1 272 1698 1245
3375 2 2 3 1 991 1703 1600
3376 2 2 3 1 1093 1657 1231
3377 2 2 3 1 1113 1697 1015
3378 2 2 3 1 1319 1689 217
3379 2 2 3 1 1538 1782 728
3380 2 2 3 1 989 1685 933
3381 2 2 3 1 249 1694 1232
3382 2 2 3 1 200 1144 1135
3383 2 2 3 1 1542 1744 910
3384 2 2 3 1 613 1782 789
3385 2 2 3 1 1202 1757 1207
3386 2 2 3 1 1137 1678 282
3387 2 2 3 1 786 1690 785
3388 2 2 3 1 255 1725 1209
3389 2 2 3 1 253 1697 1113
3390 2 2 3 1 288 1144 6
3391 2 2 3 1 305 1711 302
3392 2 2 3 1 1232 1694 982
3393 2 2 3 1 819 1743 1454
3394 2 2 3 1 728 1782 649
3395 2 2 3 1 974 1753 1656
3396 2 2 3 1 332 1780 334
3397 2 2 3 1 1510 1681 1002
3398 2 2 3 1 989 1699 1619
3399 2 2 3 1 1088 1707 247
3400 2 2 3 1 1635 1644 729
3401 2 2 3 1 1554 1748 1077
3402 2 2 3 1 1648 1722 908
3403 2 2 3 1 82 1695 83
3404 2 2 3 1 1216 1738 918
3405 2 2 3 1 930 1679 995
3406 2 2 3 1 928 1799 1220
3407 2 2 3 1 1135 1659 286
3408 2 2 3 1 1147 1792 1082
3409 2 2 3 1 918 1738 1716
3410 2 2 3 1 1039 1699 1539
3411 2 2 3 1 221 1766 1362
3412 2 2 3 1 1208 1757 1023
3413 2 2 3 1 563 1768 561
3414 2 2 3 1 287 1661 1146
3415 2 2 3 1 1129 1794 1544
3416 2 2 3 1 1683 1693 1122
3417 2 2 3 1 657 1696 526
3418 2 2 3 1 283 1667 1138
3419 2 2 3 1 282 1678 1124
3420 2 2 3 1 1311 1774 1312
3421 2 2 3 1 1302 1746 1301
3422 2 2 3 1 1005 1640 1588
3423 2 2 3 1 1646 1708 1018
3424 2 2 3 1 1031 1775 1680
3425 2 2 3 1 598 1683 795
3426 2 2 3 1 1554 1712 669
3427 2 2 3 1 1132 1610 1137
3428 2 2 3 1 1138 1609 1136
3429 2 2 3 1 1569 1728 87
3430 2 2 3 1 1335 1773 1675
3431 2 2 3 1 1020 1752 1658
3432 2 2 3 1 335 1795 338
3433 2 2 3 1 1117 1706 1005
3434 2 2 3 1 1367 1722 1366
3435 2 2 3 1 1348 1781 862
3436 2 2 3 1 1306 1775 1444
3437 2 2 3 1 1373 1740 1416
3438 2 2 3 1 1269 1718 1491
3439 2 2 3 1 1208 1767 615
3440 2 2 3 1 1689 1785 217
3441 2 2 3 1 167 1705 166
3442 2 2 3 1 1634 1740 981
3443 2 2 3 1 1104 1698 1103
3444 2 2 3 1 1152 1759 1668
3445 2 2 3 1 1006 1700 1478
3446 2 2 3 1 1221 1739 737
3447 2 2 3 1 1220 1799 1160
3448 2 2 3 1 1616 1673 1266
3449 2 2 3 1 1345 1781 1348
3450 2 2 3 1 281 1775 1306
3451 2 2 3 1 236 1675 1586
3452 2 2 3 1 1351 1721 239
3453 2 2 3 1 725 1720 637
3454 2 2 3 1 229 1763 1334
3455 2 2 3 1 1617 1696 1252
3456 2 2 3 1 986 1717 987
3457 2 2 3 1 1619 1699 818
3458 2 2 3 1 757 1693 1012
3459 2 2 3 1 145 1726 290
3460 2 2 3 1 292 1727 9
3461 2 2 3 1 1040 1719 1039
3462 2 2 3 1 1658 1752 271
3463 2 2 3 1 1095 1779 1697
3464 2 2 3 1 1203 1734 1660
3465 2 2 3 1 1101 1704 940
3466 2 2 3 1 1575 1672 1188
3467 2 2 3 1 1527 1788 602
3468 2 2 3 1 67 1729 291
3469 2 2 3 1 68 1728 289
3470 2 2 3 1 1203 1670 1592
3471 2 2 3 1 286 1659 1610
3472 2 2 3 1 1508 1785 1296
3473 2 2 3 1 279 1798 1361
3474 2 2 3 1 1609 1661 287
3475 2 2 3 1 1330 1761 978
3476 2 2 3 1 641 1730 559
3477 2 2 3 1 978 1761 1008
3478 2 2 3 1 242 1737 1327
3479 2 2 3 1 973 1732 779
3480 2 2 3 1 1475 1741 1681
3481 2 2 3 1 1148 1772 890
3482 2 2 3 1 997 1733 999
3483 2 2 3 1 1269 1754 1743
3484 2 2 3 1 302 1711 300
3485 2 2 3 1 240 1741 1270
3486 2 2 3 1 987 1717 1615
3487 2 2 3 1 1024 1735 791
3488 2 2 3 1 1023 1663 1620
3489 2 2 3 1 1589 1692 1561
3490 2 2 3 1 235 1742 1357
3491 2 2 3 1 1614 1706 1117
3492 2 2 3 1 1386 1746 771
3493 2 2 3 1 1013 1708 1646
3494 2 2 3 1 276 1750 1359
3495 2 2 3 1 1095 1697 253
3496 2 2 3 1 1304 1785 1508
3497 2 2 3 1 219 1776 1499
3498 2 2 3 1 560 1754 1269
3499 2 2 3 1 1401 1753 974
3500 2 2 3 1 1499 1776 980
3501 2 2 3 1 980 1776 1024
3502 2 2 3 1 259 1761 1330
3503 2 2 3 1 993 1762 1028
3504 2 2 3 1 725 1771 1682
3505 2 2 3 1 1127 1748 1554
3506 2 2 3 1 615 1767 1526
3507 2 2 3 1 1004 1731 1490
3508 2 2 3 1 220 1769 116
3509 2 2 3 1 1151 1759 1152
3510 2 2 3 1 656 1770 1418
3511 2 2 3 1 277 1773 1335
3512 2 2 3 1 1544 1794 439
3513 2 2 3 1 652 1771 725
3514 2 2 3 1 1578 1736 1579
3515 2 2 3 1 1444 1775 1031
3516 2 2 3 1 52 1784 51
3517 2 2 3 1 217 1785 1304
3518 2 2 3 1 504 1783 502
3519 2 2 3 1 595 1710 1519
3520 2 2 3 1 1011 1724 1552
3521 2 2 3 1 992 1736 1591
3522 2 2 3 1 1692 1703 990
3523 2 2 3 1 1356 1793 1358
3524 2 2 3 1 1014 1725 1013
3525 2 2 3 1 1083 1755 1147
3526 2 2 3 1 1191 1789 1192
3527 2 2 3 1 1081 1712 1079
3528 2 2 3 1 1022 1752 1020
3529 2 2 3 1 1481 1774 853
3530 2 2 3 1 1197 1734 1199
3531 2 2 3 1 990 1703 991
3532 2 2 3 1 1657 1747 1009
3533 2 2 3 1 314 1714 306
3534 2 2 3 1 289 1728 1569
3535 2 2 3 1 1066 1713 1570
3536 2 2 3 1 1561 1692 990
3537 2 2 3 1 540 1751 538
3538 2 2 3 1 937 1691 1593
3539 2 2 3 1 1519 1710 1130
3540 2 2 3 1 1642 1701 803
3541 2 2 3 1 1133 1779 1095
3542 2 2 3 1 756 1745 758
3543 2 2 3 1 1674 1781 1343
3544 2 2 3 1 1122 1765 1123
3545 2 2 3 1 1524 1765 887
3546 2 2 3 1 999 1733 1664
3547 2 2 3 1 1686 1769 220
3548 2 2 3 1 1666 1766 1332
3549 2 2 3 1 544 1791 541
3550 2 2 3 1 796 1744 1542
3551 2 2 3 1 1077 1748 1519
3552 2 2 3 1 945 1760 1007
3553 2 2 3 1 641 1768 1676
3554 2 2 3 1 1579 1736 1607
3555 2 2 3 1 1604 1722 1367
3556 2 2 3 1 1361 1798 1651
3557 2 2 3 1 1096 1778 1154
3558 2 2 3 1 908 1722 1604
3559 2 2 3 1 649 1782 613
3560 2 2 3 1 660 1790 603
3561 2 2 3 1 1085 1758 1229
3562 2 2 3 1 1366 1722 1648
3563 2 2 3 1 1663 1757 1202
3564 2 2 3 1 988 1701 1642
3565 2 2 3 1 1660 1734 246
3566 2 2 3 1 1125 1756 263
3567 2 2 3 1 984 1796 1636
3568 2 2 3 1 1607 1736 992
3569 2 2 3 1 1602 1758 1085
3570 2 2 3 1 1633 1770 1344
3571 2 2 3 1 1023 1757 1663
3572 2 2 3 1 1012 1693 1683
3573 2 2 3 1 1718 1743 819
3574 2 2 3 1 1636 1796 1183
3575 2 2 3 1 1591 1736 1578
3576 2 2 3 1 602 1788 1560
3577 2 2 3 1 1681 1741 240
3578 2 2 3 1 641 1762 1730
3579 2 2 3 1 1355 1740 1634
3580 2 2 3 1 1610 1659 295
3581 2 2 3 1 297 1661 1609
3582 2 2 3 1 1595 1777 1064
3583 2 2 3 1 1641 1799 928
3584 2 2 3 1 1013 1725 1708
3585 2 2 3 1 1603 1796 984
3586 2 2 3 1 1701 1787 802
3587 2 2 3 1 1723 1772 1148
3588 2 2 3 1 996 1766 1666
3589 2 2 3 1 264 1797 1126
3590 2 2 3 1 1700 1798 279
3591 2 2 3 1 1676 1768 1329
3592 2 2 3 1 1708 1725 255
3593 2 2 3 1 862 1781 1674
3594 2 2 3 1 1269 1743 1718
3595 2 2 3 1 1684 1777 1047
3596 2 2 3 1 1006 1798 1700
3597 2 2 3 1 1764 1797 264
3598 2 2 3 1 1044 1797 1764
$EndElements
